"PIN","Admit.Year","AI1","AI2","Major","LH1","LH2","PPT1","PPT2","CSI","MST","QR","Science"
"N313106412255",2014,"PPE",NA,"MCS",4.5,5,5.5,5,4.5,5,4.5,2.83333333333333
"N359107401288",2014,"LS",NA,"LS",3.5,4,4.5,4,3,4.5,4.5,3.375
"N308110412274",2014,"PPE","PSY","LS",4.5,4.5,5,4.5,5,4,4.5,2.83333333333333
"N337110408274",2014,"PPE","ECON","PSY",4,4,3.5,4.5,4.5,4,5,3.16666666666667
"N386110425292",2014,"HIST","ANTH","PPE",4,4.5,5,4.5,4,4.5,3.5,2.83333333333333
"N374110423297",2014,"PSY","ARTS HUM","ES",3.5,4.5,3.5,4,3.5,4.5,4,2.66666666666667
"N379112424217",2014,"PPE",NA,"PPE",4.5,4.5,3,4.5,4,5,4,2.66666666666667
"N376112405225",2014,"MCS",NA,"MCS",4,4.5,3.5,3.5,3.5,4,3.5,3.25
"N330112423236",2014,"LS","LIT","PPE",4,5,4.5,4,3,4.5,4,3
"N331112421236",2014,"MCS","ECON","MCS",2,4,4,2,4,3.5,4,3.75
"N332112418236",2014,"PS","LIT","PS",3,3,3.5,4,2.5,4,4,3.125
"N333112414236",2014,"PPE","GA","GA",4,4,4.5,4,3,4,2.5,2.5
"N385112421249",2014,"LS","ANTH","HIST",4.5,4,4,4,3,4,3.5,2.33333333333333
"N320112401251",2014,"ARTS HUM","PHIL","ANTH",3.5,2.5,4.5,3,3.5,4,4.5,2.66666666666667
"N306112413255",2014,"ARTS HUM","PSY","ANTH",4.5,4,4.5,4.5,4,4,3,2.66666666666667
"N384112402255",2014,"ECON",NA,"ECON",4,4.5,4.5,4,5,4,5,3.16666666666667
"N388112421255",2014,"GA","HIST","HIST",4,4,3.5,4,3,4.5,5.5,2.83333333333333
"N370112412264",2014,"HIST","GA","LIT",3.5,5,3.5,3.5,2.5,3.5,2,2.16666666666667
"N358112414278",2014,"PSY","ANTH","ARTS HUM",3,4.5,3,4,3.5,4,3,2.66666666666667
"N360112401278",2014,"PS",NA,"PS",3,3.5,4,4,4,4.5,5,3
"N362112425278",2014,"ARTS HUM","HIST","PPE",4,4,4,3.5,3.5,4,3.5,2.5
"N363112424278",2014,"PS",NA,"ES",3.5,4,4,4,3.5,4.5,4,3.125
"N364112423278",2014,"GA","LIT","LIT",5,4.5,4,4,3.5,4,3.5,2.66666666666667
"N365112421278",2014,"LS",NA,"GA",3.5,4.5,4,4.5,3,4.5,4,3.5
"N367112414278",2014,"ARTS HUM","ECON","ARTS HUM",3,4,3,4,3.5,3.5,3.5,2
"N368112413278",2014,"PS",NA,"MCS",4,4,4,4,4.5,4,3.5,3.875
"N370112402278",2014,"PSY","ECON","PSY",5,4,5,3.5,4,4,4,3
"N372112424278",2014,"PPE",NA,"PPE",3.5,3.5,4,4,3.5,3.5,4.5,2.66666666666667
"N373112423278",2014,"LIT","ANTH","PPE",4,4.5,3.5,4.5,4,4,4.5,3.16666666666667
"N374112421278",2014,"LS","PS","PS",4,4.5,3,4.5,2.5,4.5,4.5,3.875
"N375112418278",2014,"LIT",NA,"LIT",3.5,5,4.5,4,3.5,3.5,4,3.16666666666667
"N376112414278",2014,"PSY","ARTS HUM","GA",3,4.5,3.5,4.5,4,4,3.5,2.83333333333333
"N377112413278",2014,"PPE","ARTS HUM","PPE",4,4,4,5,4.5,5,3,2.83333333333333
"N378112412278",2014,"PSY","LS","ES",5,4.5,4.5,5,4,4.5,4,2.66666666666667
"N380112425278",2014,"ARTS HUM","GA","PPE",3,3.5,2.5,2,3,3,3.5,2.16666666666667
"N381112424278",2014,"PS","MCS","MCS",4.5,3.5,3.5,2,3,4,4,3
"N382112423278",2014,"GA",NA,"US",4,4,4,4,4,4.5,4,2.66666666666667
"N383112421278",2014,"PSY",NA,"PPE",4,4.5,4,4.5,4,4.5,4,2.66666666666667
"N386112413278",2014,"PSY",NA,"PSY",3.5,4.5,3,3.5,3.5,4,4,2.5
"N387112412278",2014,"LIT","PSY","ANTH",3.5,3.5,3,4,3.5,4,4,2.16666666666667
"N390112424278",2014,"ECON","PSY","ECON",4,3.5,4,4,3.5,4,4,2.5
"N391112423278",2014,"GA",NA,"ANTH",4,4,4,3.5,4,4,4,2.5
"N392112421278",2014,"PSY","ARTS HUM","PSY",2.5,4,3,2.5,2,2,3,2.5
"N393112418278",2014,"PPE","GA","ECON",4,5,3.5,4.5,4.5,4,3.5,3.16666666666667
"N394112414278",2014,"ECON",NA,"PPE",3.5,4,4,4.5,3.5,4.5,3.5,2.66666666666667
"N396112412278",2014,"GA","ES","US",3,4,4.5,4,3.5,5,3,2.5
"N398112408278",2014,"GA","LIT","ANTH",4,4,4,4,4,4,3,2.83333333333333
"N399112405278",2014,"ANTH","ES","US",3,4,3,3.5,3.5,2.5,3,2.16666666666667
"N301112412279",2014,"MCS",NA,"ECON",4,4.5,4,5,3.5,5,4.5,3
"N302112410279",2014,"PPE","GA","GA",4,4,2,3.5,3.5,4,3,2.16666666666667
"N304112405279",2014,"ARTS HUM","LIT","ARTS HUM",4,4.5,3,3,4.5,4,4,1.66666666666667
"N305112401279",2014,"US","ANTH","US",5,4,4,4,3,4,4,2.83333333333333
"N306112402279",2014,"ANTH","HIST","PSY",4,3.5,3.5,4,3.5,4,4.5,2.5
"N308112424279",2014,"PPE","ECON","PPE",3.5,5,3.5,4,4.5,4,5.5,2.83333333333333
"N310112412279",2014,"LS","ARTS HUM","PPE",4,5,3,4,4,4,3.5,2.75
"N311112410279",2014,"PSY","PS","PSY",4,3.5,3.5,3.5,3.5,3.5,4,3
"N313112405279",2014,"ECON","HIST","ECON",3.5,4,3.5,3.5,4,3.5,4,2.66666666666667
"N314112401279",2014,"PPE","ANTH","PHIL",3,3.5,2.5,3.5,3.5,4,4,2.875
"N315112402279",2014,"PPE","ECON","PPE",4,4,4.5,3.5,3.5,4,3,2.66666666666667
"N316112425279",2014,"LS",NA,"LS",4.5,5,4,4.5,4,4.5,4,2.625
"N317112424279",2014,"ECON","MCS","ECON",3.5,3.5,4,3.5,3.5,4,4.5,2.5
"N319112421279",2014,"ECON",NA,"PSY",4,4.5,4.5,5,4,5,4.5,3.16666666666667
"N320112410279",2014,"ARTS HUM",NA,"MCS",4.5,4.5,4,4,4,4,5,3.33333333333333
"N321112408279",2014,"GA","US","US",4.5,5,4.5,3.5,4.5,4,3,2.33333333333333
"N323112401279",2014,"PHIL","PPE","PSY",3,4,3,2,3.5,2.5,4,2
"N324112402279",2014,"PPE","LIT","ECON",3,3,4,4,4,4,3.5,2.83333333333333
"N325112425279",2014,"LS","ES","ES",4,4,3.5,2,3,3.5,3,2.5
"N326112424279",2014,"PPE","GA","GA",4.5,4.5,4,4.5,3.5,4.5,3.5,3
"N327112423279",2014,"ANTH","LIT","LIT",3.5,4,3,4,2.5,4,4.5,2.66666666666667
"N329112418279",2014,"HIST","ARTS HUM","PHIL",4.5,5,4,5,3.5,4.5,4,3
"N331112405279",2014,"ANTH","HIST","PSY",3.5,4,4,4.5,3.5,4,3.5,3
"N332112401279",2014,"ES","US","ES",3.5,4.5,4,4,5,4.5,4.5,3
"N333112402279",2014,"ANTH","GA","ANTH",4,5,3,3.5,3.5,3,2,2.66666666666667
"N336112423279",2014,"GA",NA,"ARTS HUM",4,5,3,3.5,3.5,3.5,3,2.16666666666667
"N337112421279",2014,"ECON","PSY","ECON",4,4,3.5,3.5,4.5,4,4.5,2.83333333333333
"N338112418279",2014,"ANTH",NA,"ANTH",3.5,4,4,4.5,2.5,4.5,3.5,2.33333333333333
"N339112414279",2014,"PPE","GA","ES",4.5,5,5,3.5,4.5,5,4.5,2.83333333333333
"N340112405279",2014,"ARTS HUM","ANTH","US",4,4,4.5,3.5,4.5,3,3,2.33333333333333
"N342112402279",2014,"ECON",NA,"PPE",3,4,3.5,4.5,4.5,4,4,3.125
"N343112425279",2014,"PS",NA,"GA",3.5,4,3.5,4,4,4.5,4,2.875
"N344112424279",2014,"PPE","GA","PPE",4,4.5,3.5,4.5,3,4,3.5,2.5
"N346112421279",2014,"LIT","PHIL","PSY",4,3.5,4,3.5,3.5,4,4,2.625
"N347112418279",2014,"PSY","PHIL","PSY",3,4,3.5,3,4,3.5,2.5,2.5
"N349112413279",2014,"PPE",NA,"US",4.5,5,4.5,4.5,5,4,4,2.83333333333333
"N350112401279",2014,"ECON",NA,"ES",4.5,4.5,5.5,4.5,5,4.5,5,3.16666666666667
"N351112402279",2014,"ECON","GA","GA",2.5,3.5,3.5,3,4,4,3.5,2.83333333333333
"N353112424279",2014,"ANTH","ARTS HUM","ARTS HUM",3.5,4,3,3,2,3,2,1.66666666666667
"N354112423279",2014,"ECON","PHIL","ECON",4,3.5,4,4,4,4.5,5.5,2.83333333333333
"N355112421279",2014,"GA","PSY","ANTH",3.5,3.5,3.5,3.5,3.5,3.5,3,2.16666666666667
"N356112418279",2014,"GA","PPE","GA",3.5,4,4,4.5,3.5,3.5,4,2.83333333333333
"N391113401219",2014,"PPE","ARTS HUM","ES",3,3.5,3,3.5,3,4,3,1.66666666666667
"N392113402219",2014,"ARTS HUM","PPE","HIST",3.5,4,4.5,4.5,3.5,4.5,2.5,2.83333333333333
"N394113424219",2014,"GA","PPE","HIST",4,4.5,4.5,4.5,3.5,4.5,3,1.16666666666667
"N395113423219",2014,"ARTS HUM","LS","MCS",3,4,3,3.5,4.5,4,4,2.66666666666667
"N396113421219",2014,"LIT","ARTS HUM","PPE",5,5,4.5,4.5,5,5,4,2.83333333333333
"N365113414221",2014,"ECON",NA,"ARTS HUM",4,4,4,3.5,2.5,3,1.5,2.5
"N366113413221",2014,"ECON",NA,"LS",4.5,3,3.5,4.5,4,4,5,3.75
"N367113412221",2014,"MCS",NA,"MCS",3.5,3,3.5,2.5,4,2.5,4.5,2.5
"N368113410221",2014,"HIST",NA,"HIST",4,4,4.5,4.5,4,4,3.5,2.5
"N369113408221",2014,"PS",NA,"MCS",3,3.5,4,3.5,4.5,4,4.5,3
"N370113424221",2014,"ARTS HUM",NA,"LS",4,4.5,4.5,4.5,4,4,4,3.125
"N372113421221",2014,"PS",NA,"LS",3,4,4,4,3.5,4,3.5,2.75
"N374113414221",2014,"PSY",NA,"ECON",3,3.5,3,3,2.5,2.5,3.5,1.5
"N376113412221",2014,"ARTS HUM",NA,"HIST",4,4.5,3.5,4,3.5,3.5,3.5,2
"N377113410221",2014,"PPE",NA,"PPE",4.5,4.5,4.5,5.5,4,5,4,3
"N378113408221",2014,"US","PPE","GA",4.5,4,4.5,4.5,4,4.5,4,2.66666666666667
"N379113405221",2014,"GA","LIT","LIT",3.5,4,3.5,4.5,3,4.5,2.5,2
"N380113423221",2014,"ES",NA,"PPE",4,4,3,4,4.5,3.5,3.5,1.66666666666667
"N382113418221",2014,"GA",NA,"GA",4,4,3.5,4.5,3.5,3.5,4,2.5
"N385113412221",2014,"PS",NA,"MCS",3.5,4.5,3,4,3,3.5,4.5,3.625
"N386113410221",2014,"ECON","ARTS HUM","ES",4,4.5,2.5,3,3.5,4.5,3.5,2.66666666666667
"N388113405221",2014,"ANTH","GA","PHIL",4,3.5,4,4,3.5,5,3.5,2.66666666666667
"N389113401221",2014,"GA",NA,"LIT",5,4,3.5,3.5,3.5,4,3,2.66666666666667
"N390113421221",2014,"ECON",NA,"ECON",4,4,3,4,2,3.5,3,2.5
"N308113412226",2014,"GA","ARTS HUM","GA",4,3.5,4,3.5,3.5,3.5,3,2.16666666666667
"N309113410226",2014,"GA","HIST","PPE",4,4,4,3.5,4,3.5,4.5,2.66666666666667
"N310113425226",2014,"GA",NA,"PS",2.5,4,4.5,4.5,3,3.5,3.5,2.125
"N311113424226",2014,"PSY","PPE","ARTS HUM",4,3.5,4.5,4,3,4.5,3.5,2.5
"N312113423226",2014,"ANTH",NA,"ES",4.5,5,3.5,4.5,5,4.5,5,3.33333333333333
"N313113421226",2014,"GA",NA,"MCS",3.5,4,3.5,4,2.5,4,5,2.83333333333333
"N316113413226",2014,"ARTS HUM","PSY","ARTS HUM",2.5,4,3.5,4,3.5,4,3.5,2.33333333333333
"N317113412226",2014,"ECON","PPE","US",4,3.5,3.5,4,3,4,4,3
"N318113410226",2014,"ECON","GA","ECON",3,4,3.5,3,3,4,4,2.5
"N319113408226",2014,"GA",NA,"US",4,3.5,3.5,3,3,3.5,2.5,2
"N320113424226",2014,"LIT",NA,"LIT",4.5,5,3.5,4.5,4.5,4,3,2.66666666666667
"N321113423226",2014,"ANTH","ARTS HUM","ANTH",3,4.5,3,4,3,3.5,3.5,1.66666666666667
"N323113418226",2014,"ECON","PPE","US",3.5,4,3.5,5,3,5,4.5,3.16666666666667
"N324113414226",2014,"LS",NA,"ES",4.5,4,3.5,4,4.5,5,4,2.625
"N325113413226",2014,"PPE",NA,"HIST",4.5,4,4.5,4.5,4,4.5,4.5,3.375
"N326113412226",2014,"PSY","PHIL","ARTS HUM",2,2,2,3.5,3.5,1,2.5,1.125
"N327113410226",2014,"LIT","ARTS HUM","LIT",5,4,4,4.5,4,4,3.5,2.83333333333333
"N329113405226",2014,"HIST","LIT","HIST",3.5,3.5,3.5,3.5,2,4,3.5,3
"N331113421226",2014,"LS","PS","LS",4,5,4,4,3,3.5,3.5,2.25
"N332113418226",2014,"PS",NA,"MCS",4,3.5,5,4.5,3.5,4,5,3.5
"N333113414226",2014,"LIT","ARTS HUM","HIST",4.5,4,4.5,3.5,3.5,4,3.5,2.33333333333333
"N398113418236",2014,"PPE","GA","ANTH",4,4,3.5,4,3.5,4.5,3.5,2.66666666666667
"N325113408238",2014,"PSY","ECON","ANTH",4,3.5,4,3.5,4,3,3,2
"N332113424241",2014,"ARTS HUM","PPE","ANTH",3,4.5,4,3,4,3.5,3,2.33333333333333
"N331109413242",2015,"HIST","PPE","HIST",4.5,4.5,4,5,5,4.5,4,2
"N339112413213",2015,"LS",NA,"ANTH",4,4,3.5,4,3.5,5,5,2.5
"N378112402216",2015,"PS",NA,"PS",4,3.5,2,3.5,2,4,4,2
"N311112425217",2015,"LIT","PSY","ANTH",4,4.5,3.5,3.5,4,4,4,2.25
"N312112410220",2015,"LS","PSY","MCS",4.5,4,3.5,5,4.5,3.5,5,1.75
"N323113418280",2015,"ARTS HUM","LIT","ARTS HUM",3,3.5,2.5,3,2,4,3.5,1.5
"N325113413280",2015,"HIST","ARTS HUM","HIST",4,3,5,4.5,2.5,4.5,4,2
"N326113412280",2015,"PPE",NA,"HIST",4,5,3.5,5,4.5,5,3.5,1.75
"N327113410280",2015,"LS","PPE","ANTH",3,5,3,4,3.5,4,4,2.25
"N328113408280",2015,"PHIL","PSY","ARTS HUM",2.5,3.5,3,3,2,4,3.5,1.75
"N329113405280",2015,"HIST","ARTS HUM","HIST",4,4,3.5,4,3.5,5,3,1.75
"N330113423280",2015,"US","US","ECON",3,3,2.5,3.5,2.5,3.5,4,2.25
"N331113421280",2015,"GA",NA,"US",2.5,3.5,4.5,4,3.5,4.5,4.5,2.25
"N332113418280",2015,"GA","PPE","HIST",5,4,4,3.5,4,4.5,4,2.25
"N334113413280",2015,"ECON","LIT","US",4,4,3,4,3.5,4,4,1.75
"N335113412280",2015,"PHIL",NA,"LIT",3,5,3.5,4,3.5,4,3,1.5
"N337113408280",2015,"PSY","ES","PSY",3.5,4,3,4,3.5,4,4,2
"N340113421280",2015,"PSY","PPE","PSY",4.5,3.5,3.5,5,4,4,3.5,2
"N341113418280",2015,"LS",NA,"LS",4.5,4.5,3.5,4,4,4,4,2.25
"N342113414280",2015,"ANTH",NA,"ANTH",4,3.5,3,3.5,4,5,3,1.5
"N343113413280",2015,"PSY",NA,"LS",3.5,4.5,4.5,3.5,5,4.5,5,2.25
"N344113412280",2015,"PPE","ARTS HUM","HIST",4,4,2.5,3.5,3.5,5,3,2
"N345113410280",2015,"US","ARTS HUM","PSY",5,4.5,4,4,4,4,5.5,2.5
"N346113408280",2015,"GA","PPE","ANTH",3.5,3,3,3.5,2,4,2.5,1.5
"N347113405280",2015,"ECON","GA","PPE",4,4.5,3.5,4.5,3,4.5,4,2.25
"N348113401280",2015,"ECON","PPE","MCS",3,3.5,2,4,2.5,4,3.5,2.25
"N349113402280",2015,"GA","PPE","ECON",3.5,4,3.5,4.5,3.5,4,5,2.25
"N352113413280",2015,"LS","ANTH","ECON",4.5,3.5,4,4.5,4.5,4.5,4.5,2.5
"N353113412280",2015,"PHIL","LIT","US",3,3.5,2.5,3,3,4,3.5,2
"N354113410280",2015,"GA","ARTS HUM","HIST",4,4,3,3.5,3.5,4,4,2
"N355113408280",2015,"LS","ANTH","PSY",4,3,4,3.5,3,4.5,3,2
"N356113405280",2015,"ARTS HUM",NA,"LIT",3.5,4.5,4.5,4.5,3.5,3,5.5,2.75
"N358113402280",2015,"PSY","LS","PSY",4.5,3,4,3,4.5,5,3.5,2.5
"N359113425280",2015,"PPE","HIST","GA",3,4.5,3,4.5,2,4.5,3.5,1.75
"N360113414280",2015,"ARTS HUM","US","ARTS HUM",3,3.5,3.5,3.5,4.5,4.5,4,2
"N361113413280",2015,"HIST","GA","ES",3.5,5,3,4,3,4,3,1.75
"N362113412280",2015,"LIT","PSY","ANTH",3.5,4,3.5,4.5,3.5,4,4.5,1.75
"N363113410280",2015,"ARTS HUM","ECON","US",4.5,4.5,3,3,4,4,4.5,2
"N365113405280",2015,"PPE","GA","PHIL",5,4.5,4.5,5,3.5,4,4,1.75
"N367113402280",2015,"ECON","PPE","ECON",3.5,4,3,4.5,4.5,4,5,2.25
"N368113425280",2015,"PSY",NA,"PSY",3.5,3.5,3,4,3.5,4.5,4,2
"N369113424280",2015,"ARTS HUM","PSY","ARTS HUM",3,4,2.5,3,2,3.5,2.5,2.25
"N370113413280",2015,"HIST","LIT","HIST",3,4.5,3.5,4.5,3,4.5,5.5,2.5
"N371113412280",2015,"MCS",NA,"ECON",3.5,3,3.5,4,3,3.5,3.5,2
"N372113410280",2015,"PPE","HIST","PHIL",4,4.5,3,4,3,4.5,3.5,1.75
"N375113401280",2015,"PPE","GA","MCS",3.5,4,3.5,3.5,3.5,4,4,2.25
"N376113402280",2015,"ECON",NA,"US",3.5,3,4,4,3.5,4,4,2
"N377113425280",2015,"HIST","ANTH","HIST",3,3.5,3,3,3,4,3.5,1.75
"N378113424280",2015,"PS",NA,"ES",4.5,5,3,4,4.5,5,4,2.25
"N381113410280",2015,"LIT","ARTS HUM","LIT",3.5,4,2.5,4.5,3.5,4.5,3.5,1.75
"N383113405280",2015,"GA",NA,"US",3,4,3,4.5,4,3,3.5,1.75
"N384113401280",2015,"US","ANTH","US",3.5,4,3,4,2.5,4,3.5,2
"N385113402280",2015,"ARTS HUM","PPE","ANTH",3.5,3.5,3.5,4.5,3.5,4.5,3.5,1.75
"N386113425280",2015,"ARTS HUM","ES","ES",4.5,4.5,4,4.5,3.5,5,4,2
"N306113410283",2015,"PS",NA,"MCS",4.5,4.5,4,5,5,5,4.5,2.25
"N307113408283",2015,"LS",NA,"LS",4,4,4,4.5,3.5,4,3.5,2.25
"N308113405283",2015,"ECON","ARTS HUM","ECON",4,4,4.5,4,5,4.5,4,2.5
"N309113401283",2015,"PPE",NA,"PPE",3.5,4.5,3,4,3,4,4,2
"N310113421283",2015,"GA","PPE","ANTH",4,3.5,3,4,2,4,3.5,2
"N311113418283",2015,"PPE",NA,"GA",2.5,4,3.5,4.5,3,4,4,2
"N313113413283",2015,"LIT",NA,"ARTS HUM",3.5,4,3,4,3,3.5,3.5,1.75
"N314113412283",2015,"MCS",NA,"ECON",5,4,4,4,4,4.5,5,1.75
"N315113410283",2015,"PPE",NA,"ES",4.5,4,3.5,3,3,5,3,2
"N365113414288",2015,"LIT","ARTS HUM","HIST",3.5,5,3.5,4.5,4.5,4.5,4,2
"N366113413288",2015,"ARTS HUM","PSY","ARTS HUM",4,4.5,3.5,4,3.5,4.5,3,2
"N367113412288",2015,"GA","PSY","MCS",3,3,3,3.5,3.5,4,4.5,2
"N368113410288",2015,"PSY","ANTH","MCS",3.5,4,4,4.5,4,4.5,4,2.25
"N369113408288",2015,"PSY","MCS","MCS",3.5,4.5,3.5,4.5,3.5,4.5,5,2.25
"N371113423288",2015,"GA","PPE","PPE",4,4.5,3.5,5,2,4,4,2.25
"N372113421288",2015,"LS",NA,"LS",3.5,4.5,3.5,3.5,4,4,3.5,2.5
"N373113418288",2015,"PPE","GA","PPE",4,4.5,4.5,5,3.5,4.5,4,1.75
"N374113414288",2015,"ARTS HUM","LIT","GA",4.5,4,4,4.5,3,4.5,5,2.25
"N375113413288",2015,"GA","ANTH","ES",3.5,4.5,3,3.5,3.5,3.5,3.5,1.75
"N376113412288",2015,"PPE",NA,"US",3,4,4,4,4,3.5,5,1.75
"N378113408288",2015,"ECON",NA,"MCS",4,4,3.5,3,3.5,4,3,2
"N379113405288",2015,"PS",NA,"PS",4,4.5,2.5,3,3.5,4,3.5,2.25
"N381113421288",2015,"ES","PSY","ES",5,3,2.5,2.5,3,4,3,1.5
"N382113418288",2015,"GA","PPE","PPE",3.5,4.5,4,4.5,4.5,4,3.5,2
"N318113401292",2015,"LIT","PPE","LIT",3.5,4,3.5,4.5,4.5,4,4,2.25
"N359114412201",2015,"ES",NA,"ES",3,5,4,4.5,3.5,3.5,4,2.25
"N360114402201",2015,"PSY","LS","ARTS HUM",4.5,2.5,3,3.5,2.5,4,3,1.75
"N361114425201",2015,"ES",NA,"PS",4.5,4,4,4,5,4,5,2.5
"N362114424201",2015,"GA","ES","PS",3,4,3.5,3.5,3.5,3.5,3,2.25
"N364114421201",2015,"PSY",NA,"ARTS HUM",3.5,3.5,2,3.5,3,4,3,1.75
"N365114418201",2015,"LS","PS","MCS",4.5,5,4,5,4.5,5,5.5,2.75
"N366114414201",2015,"ARTS HUM","PSY","ANTH",3,3.5,2.5,3.5,4,4,2.5,1.5
"N367114413201",2015,"GA","ARTS HUM","US",5,5,4,4,4.5,5,4.5,2.5
"N368114412201",2015,"ECON","GA","PPE",3,3,3.5,3.5,3.5,4,2,1.75
"N369114410201",2015,"PPE","GA","PHIL",4.5,4.5,3.5,4.5,3,4.5,4,2.25
"N370114425201",2015,"PSY","ARTS HUM","PSY",4,4,3.5,4.5,4,4,5,2
"N371114424201",2015,"GA","LIT","PS",4.5,4.5,4,3,4,3.5,2.5,2
"N373114421201",2015,"MCS",NA,"MCS",3.5,3.5,3,4,4,4.5,4.5,2
"N374114418201",2015,"ARTS HUM","GA","ARTS HUM",4.5,3,3,4,3.5,4,3,1.75
"N360114425211",2015,"PPE","LIT","US",3,3,2.5,3.5,3.5,3.5,3.5,2.25
"N361114424211",2015,"GA","PPE","HIST",3,3.5,2.5,4,2,3.5,2,1.25
"N362114423211",2015,"LS","PSY","ECON",3.5,2,2.5,3,3.5,3.5,3.5,1.75
"N363114421211",2015,"PPE","ARTS HUM","PPE",4,3.5,2.5,3.5,3.5,3.5,3,1.5
"N364114418211",2015,"ES","US","ES",2.5,4,2,4,4,4.5,4.5,1.75
"N365114414211",2015,"PS","PHIL","ES",3.5,4,4.5,3.5,4,4,4,2.25
"N366114413211",2015,"PSY","ES","MCS",4,4,3,3,4,4,5,2.25
"N367114412211",2015,"PPE",NA,"ANTH",3.5,3.5,3,3,3.5,3.5,3.5,1.75
"N370114424211",2015,"LIT",NA,"ARTS HUM",4,3.5,4.5,4,3,4,4,2.25
"N371114423211",2015,"PSY",NA,"PSY",4.5,4.5,3,4,4.5,4,5,2.25
"N364114410233",2015,"ARTS HUM","LS","ANTH",2.5,4,3,4.5,3.5,5,3.5,2
"N384114405233",2015,"PPE","US","US",4.5,4,4.5,4.5,4.5,4,5,2.25
"N362114412234",2015,"PPE","PSY","PSY",4,4,4,4.5,3.5,4,3.5,2.25
"N302114402241",2015,"PHIL",NA,"ES",5,3.5,4,5,2,4,3.5,2
"N336114408244",2015,"MCS",NA,"MCS",2.5,4.5,3.5,4.5,3,4,3.5,2.25
"N337114405244",2015,"US","ARTS HUM","ARTS HUM",3,3,2.5,4,3,4,4,2
"N339114402244",2015,"LS",NA,"LS",3.5,4,4,4.5,3.5,3.5,4,2.5
"N340114418244",2015,"ARTS HUM","LIT","LS",4,4.5,4,4.5,4,5,4,2.25
"N341114414244",2015,"LS","PPE","LIT",3,4,3,4,3.5,4.5,4,2.5
"N342114413244",2015,"GA","PPE","US",3,3,3,3.5,3,4,4,2
"N343114412244",2015,"MCS","ES","ECON",3,3.5,2.5,2.5,3.5,3.5,3.5,1.5
"N344114410244",2015,"GA","PSY","ES",4,5,4,5,4.5,5,4,2.5
"N345114408244",2015,"PSY",NA,"GA",3,3.5,3,3.5,3.5,3.5,3,1.75
"N346114405244",2015,"ARTS HUM","PPE","LIT",4.5,5,3.5,4.5,3.5,5,3.5,2.25
"N348114402244",2015,"LS","GA","ANTH",3,2.5,3.5,4.5,3.5,4,2.5,2
"N350114414244",2015,"ANTH",NA,"ARTS HUM",3.5,3,3,3,2.5,3.5,2.5,1.5
"N351114413244",2015,"ECON",NA,"MCS",4.5,4.5,4,5,5,4.5,5.5,2.25
"N352114412244",2015,"ANTH","GA","PPE",4,4.5,2.5,4,2.5,4.5,4,2
"N353114410244",2015,"PS","LS","PHIL",4,4.5,3.5,4.5,4.5,4.5,4.5,2.25
"N354114408244",2015,"ECON","ARTS HUM","ECON",3.5,4,3.5,4,3.5,4,3.5,1.75
"N355114405244",2015,"US","ES","US",3,3.5,3.5,3.5,3.5,4,4,2
"N357114402244",2015,"ECON","GA","PSY",4,4,3.5,3.5,3.5,4.5,4,2
"N358114425244",2015,"PPE",NA,"ECON",4,3.5,3.5,4.5,3.5,4.5,3,2
"N359114424244",2015,"ARTS HUM","LIT","GA",3.5,4,4.5,4,3,4.5,3.5,2.25
"N360114413244",2015,"ARTS HUM",NA,"GA",4,4.5,4,5,3,5,3.5,2
"N361114412244",2015,"LIT","ECON","LIT",4,4.5,3,3.5,2.5,4.5,2.5,1.5
"N362114410244",2015,"LS","ECON","LS",3.5,3.5,2.5,4,4,4,3.5,2
"N363114408244",2015,"ES","HIST","ES",3,3.5,3.5,3.5,3.5,4.5,4,2
"N366114402244",2015,"ECON",NA,"MCS",3.5,4,3,4.5,2.5,4,4,2
"N367114425244",2015,"ES",NA,"ES",3,3.5,3.5,4,3,4,3,2
"N368114424244",2015,"PPE","GA","GA",4,4.5,3.5,4.5,4.5,4,3,1.75
"N369114423244",2015,"PPE","ECON","ANTH",4.5,4,4,3.5,3,5,3.5,2
"N338114423248",2015,"GA","ECON","PPE",4,3.5,3.5,3,4,3.5,3,1.75
"N339114421248",2015,"ECON","PSY","US",3,4,2.5,3.5,3.5,4,5,2
"N341114408248",2015,"ANTH",NA,"MCS",4,4,3.5,4,3,4.5,5,2.25
"N342114405248",2015,"LIT","ARTS HUM","ARTS HUM",3.5,3.5,3.5,3,3,4.5,4,2
"N343114401248",2015,"MCS",NA,"MCS",4,4,4.5,3.5,4,4,3.5,2
"N344114402248",2015,"ECON","GA","ANTH",4,4,3,3,3.5,4,4.5,1.75
"N345114425248",2015,"PS",NA,"PS",3.5,4.5,3.5,3.5,4.5,3.5,3.5,2.25
"N347114423248",2015,"PS",NA,"PS",4,4,4,3.5,3.5,4,5,2
"N348114421248",2015,"ECON",NA,"MCS",4,4,3,3.5,4,4,4.5,2
"N349114418248",2015,"MCS",NA,"MCS",3.5,3.5,3.5,4.5,3.5,4,5,2
"N351114405248",2015,"ECON",NA,"PPE",3,3.5,2.5,3.5,4,3.5,3,1.5
"N353114402248",2015,"GA",NA,"PPE",4,4.5,3.5,4,3,3.5,5,1.75
"N354114425248",2015,"MCS",NA,"MCS",3,3.5,2,3,3.5,4,3.5,2.25
"N355114424248",2015,"MCS",NA,"ECON",3,3.5,3,3.5,3.5,4,4,1.75
"N357114421248",2015,"GA","ES","MCS",4,3,4,4,3.5,4,4.5,1.75
"N359114414248",2015,"PSY","HIST","PSY",4.5,4.5,4.5,4.5,4.5,4.5,4,2
"N360114405248",2015,"ECON",NA,"ECON",3.5,4,4,4,4.5,4.5,5,2
"N361114401248",2015,"ECON","GA","ECON",3,4,3,3.5,3,4,3.5,1.75
"N338114405261",2015,"PSY","LS","PSY",3.5,4,3.5,4.5,4,3.5,4,1.5
"N339114401261",2015,"GA","US","US",4.5,4.5,4,4.5,3.5,4,4.5,1.75
"N340114421261",2015,"LS","HIST","PPE",4.5,4,3,4.5,3,5,5,2
"N397114413265",2015,"GA",NA,"GA",4,3.5,4,4.5,4,4.5,4,2.25
"N398114412265",2015,"US",NA,"US",4,4.5,3.5,5,4.5,5,5,2
"N329114423266",2015,"LIT","ARTS HUM","LIT",3,5,3.5,4.5,5,4.5,5,2
"N377114424280",2015,"LIT","ARTS HUM","GA",3,3.5,3,4,2,4,3,2
"N356110408273",2016,"PS","ES","PS",3,3.5,5,4.5,5,4.5,4.5,4.5
"N338113408261",2016,"PSY","GA","PPE",4,3.5,4,3.5,4,4.5,3.5,3.75
"N351113418261",2016,"ANTH","MCS","MCS",4.5,4,5,4,4.5,5,5,4.5
"N363114412242",2016,"GA","LIT","PPE",3.5,3.5,4,4,4,4,4,4
"N337115408224",2016,"ECON","MCS","MCS",3.5,4.5,4,4.5,4.5,5,5,5
"N338115405224",2016,"PPE","GA","GA",4,4,4,4.5,4,4,3.5,4
"N339115401224",2016,"ARTS HUM","LS","PSY",3.5,3.5,4,3,4,4,4,3.75
"N340115421224",2016,"PPE",NA,"PPE",4.5,4,5,5,4.5,5,3.5,4
"N341115418224",2016,"PSY","LS","PSY",4,3.5,3,3,2.5,4,3.5,4.25
"N342115414224",2016,"PPE","ARTS HUM","ANTH",3.5,4,3.5,4,3.5,4,3.5,3.25
"N343115413224",2016,"LIT","PS","PPE",4,2.5,2.5,4,2.5,3.5,3.5,2.75
"N344115412224",2016,"PS","PPE","PSY",4.5,5,3.5,4,4,4.5,4,4.5
"N345115410224",2016,"LIT","PPE","GA",3.5,2,3,3.5,4,4,2,3.25
"N346115408224",2016,"GA","ANTH","US",3.5,3.5,3.5,3,2.5,4,3,3.75
"N347115405224",2016,"ARTS HUM","ES","PPE",3.5,2.5,2,4,2,3.5,3.5,2.5
"N348115401224",2016,"ECON","PS","ES",3.5,3.5,4.5,4.5,4.5,4,4,4
"N349115402224",2016,"ECON","LIT","PPE",4,4.5,5,4,4,4,3.5,3.75
"N350115418224",2016,"PPE","ECON","PPE",4.5,4.5,4,4,4,4.5,4,4.5
"N352115413224",2016,"GA","PSY","PSY",3.5,4,3.5,3.5,3.5,4,4,4
"N353115412224",2016,"PPE","ARTS HUM","MCS",4,5,3.5,4.5,4,4,4,4
"N354115410224",2016,"PPE","ECON","ES",4,2,3.5,3.5,3.5,4,3.5,4
"N355115408224",2016,"MCS","PHIL","MCS",4.5,3,4,3.5,4.5,4,5,3.75
"N356115405224",2016,"PS",NA,"LS",5,5,4.5,3.5,5,4.5,4.5,4.25
"N357115401224",2016,"LS","ECON","PSY",4,3,3.5,3.5,4.5,3.5,3.5,3.5
"N359115425224",2016,"PPE","ECON","PPE",5,4.5,4.5,4,4,4.5,4,4.5
"N360115414224",2016,"PPE","ECON","MCS",3.5,3.5,4,4,3.5,4,5,4.25
"N361115413224",2016,"ECON",NA,"MCS",4,4,4,4.5,4.5,4.5,3.5,3.25
"N362115412224",2016,"ANTH","PSY","PPE",4,4,3.5,5,4,4.5,4,4
"N364115408224",2016,"MCS","PPE","MCS",3.5,4,3,4,3.5,4,4.5,3.75
"N365115405224",2016,"ECON","GA","ECON",4,4,4,4.5,4.5,4.5,4,4.75
"N366115401224",2016,"ARTS HUM",NA,"ARTS HUM",3.5,4,4,3.5,2.5,4.5,4,3.75
"N367115402224",2016,"PPE","GA","LIT",4.5,5,3,4,4.5,4.5,4,4.25
"N368115425224",2016,"GA","ECON","PPE",4,4,4,4,4.5,4,4,4.25
"N369115424224",2016,"PS","ES","PS",3.5,3,3.5,4,3,4.5,4,4.25
"N370115413224",2016,"PS","MCS","ECON",5,3.5,5,4,4.5,4,4,4.75
"N372115410224",2016,"MCS","PSY","MCS",4.5,4,4,5,4.5,4,4.5,4.25
"N373115408224",2016,"PS","ARTS HUM","PS",4.5,3.5,4.5,3.5,5,4,4.5,4
"N375115401224",2016,"PS","GA","MCS",3,4,4,4.5,2.5,4.5,4,4
"N376115402224",2016,"ANTH","US","PPE",4.5,3.5,3.5,4,3,4.5,3.5,4.25
"N377115425224",2016,"PS","GA","MCS",3.5,3.5,3,4,3.5,4.5,4.5,3.25
"N378115424224",2016,"GA","PPE","GA",3.5,4,4,4.5,3.5,5,3.5,4.25
"N380115412224",2016,"PSY","ARTS HUM","ARTS HUM",4,4.5,3,4.5,2,4,3.5,3.5
"N381115410224",2016,"ECON","ARTS HUM","PPE",4,4.5,4,4.5,4.5,4,3.5,4.5
"N382115408224",2016,"HIST","PS","HIST",4,4.5,4.5,5,3.5,4,4,4.5
"N383115405224",2016,"GA","PPE","PSY",4,4,3.5,2,4,4,2,3.25
"N384115401224",2016,"GA",NA,"LIT",4.5,4.5,4.5,4.5,4.5,4,3.5,3.25
"N385115402224",2016,"ANTH","ARTS HUM","HIST",3.5,3,4,3,4.5,3.5,3,3
"N388115423224",2016,"LS","MCS","LS",4,4,4.5,4.5,4,5,4,4.5
"N389115421224",2016,"MCS","PS","MCS",4,4,4.5,4,3,4,5.5,4
"N391115408224",2016,"ECON","MCS","ECON",4,4,3.5,4,3,3.5,3.5,3.75
"N392115405224",2016,"ECON",NA,"US",4,3.5,2.5,3.5,4,3.5,3,3.75
"N393115401224",2016,"GA","ANTH","PHIL",4,4.5,4.5,4,3.5,4.5,3.5,4.25
"N394115402224",2016,"ES",NA,"ES",3,3,3,3.5,3.5,3.5,3,3
"N395115425224",2016,"MCS","PS","MCS",5,4.5,4,4.5,5,5,4.5,4.25
"N396115424224",2016,"LIT","ECON","PPE",3.5,4,2.5,3.5,4.5,4.5,3.5,2.75
"N397115423224",2016,"PSY","LS","PPE",4.5,4.5,4,4,3.5,5,4.5,4.5
"N399115418224",2016,"LS","PS","LS",4,3.5,4,4.5,5,3.5,3.5,4
"N300115425225",2016,"PPE","ARTS HUM","PPE",3.5,4,3.5,3,3.5,4,2.5,3
"N301115424225",2016,"MCS","ECON","ECON",4,3.5,3.5,3,4,3.5,4.5,4
"N302115423225",2016,"GA","PPE","PPE",4.5,4.5,4,4,3.5,4.5,4,3.75
"N303115421225",2016,"ECON","GA","ECON",4.5,4,4,4,5,4,4,5
"N304115418225",2016,"ECON","GA","ECON",4,3.5,4,4,3.5,3.5,3.5,4
"N308115410225",2016,"MCS","PPE","PPE",4,4,4.5,4.5,4.5,3.5,4,4
"N311115423225",2016,"PPE","GA","PPE",4,4,4,4,4,5,4,4.25
"N312115421225",2016,"PSY","LIT","ARTS HUM",3.5,3.5,3,3,4,4,2,3.5
"N313115418225",2016,"ES","PPE","ES",3.5,4,4,3.5,2.5,4.5,4,4
"N314115414225",2016,"PSY","US","PSY",5,4,5,4,5,5,4,5
"N315115413225",2016,"ECON",NA,"MCS",3.5,3.5,5,4,3.5,4,3.5,4.25
"N317115410225",2016,"ARTS HUM","LIT","LIT",4.5,4.5,4,4,4.5,5,4,4
"N319115405225",2016,"MCS","ECON","ECON",4,3,5,4.5,3.5,4,4,4.25
"N320115423225",2016,"LIT","ANTH","ANTH",4,3,3.5,3.5,3.5,5,2.5,3.25
"N324115413225",2016,"LS","ECON","LS",4.5,4.5,5,4.5,5,4.5,5,4.5
"N327115408225",2016,"PS","LS","LS",4,4,4,4,3.5,4,4,4
"N329115401225",2016,"PPE","PHIL","PPE",3.5,3.5,3,4.5,3,4.5,5,3.75
"N330115421225",2016,"PS","PS","MCS",4,4.5,3,4.5,4,3.5,3.5,4
"N332115414225",2016,"LIT","LS","PPE",5,4.5,5,5,4,4.5,5,4.5
"N334115412225",2016,"ARTS HUM","ARTS HUM","ANTH",4,4,2.5,3,3.5,4,3,3.25
"N335115410225",2016,"PPE","PHIL","PHIL",3.5,4.5,4,4.5,4,4,4,4.5
"N337115405225",2016,"GA","ANTH","ANTH",4,4,4,4,4,4.5,3,3.5
"N338115401225",2016,"HIST",NA,"ANTH",4.5,4.5,4.5,4,4,5.5,3.5,3.25
"N339115402225",2016,"LS","PS","ECON",3.5,3.5,3,4,3.5,5,3.5,3.5
"N340115418225",2016,"GA","US","GA",4.5,3.5,3.5,4,4.5,4,4,4
"N341115414225",2016,"PPE","PHIL","ECON",3,3.5,3.5,3.5,4,3,3.5,3.75
"N342115413225",2016,"GA","PPE","PPE",3,3.5,3,4,3,3.5,3,3.75
"N344115410225",2016,"ES","GA","GA",4.5,5,3.5,4.5,4.5,4,4.5,4.5
"N345115408225",2016,"PPE","GA","PPE",4,3.5,4,3.5,4.5,5,4,4
"N347115401225",2016,"PSY",NA,"PSY",4.5,4,3.5,4,4.5,4,4,4
"N349115425225",2016,"LS","PPE","PPE",3,3.5,3.5,4,3,4,3.5,3.75
"N350115414225",2016,"MCS","PPE","ECON",5,5,4,4.5,4.5,5,5,4.75
"N351115413225",2016,"MCS",NA,"ECON",3,2.5,3,3,3.5,2,2,3
"N352115412225",2016,"ECON","PS","ECON",4.5,3.5,4,4,4.5,4,3.5,4.25
"N353115410225",2016,"MCS","GA","MCS",4,3.5,4.5,3.5,4,4,3.5,4
"N354115408225",2016,"GA","PPE","PHIL",4,4.5,4.5,5,4.5,4,3.5,4
"N355115405225",2016,"ES","ECON","ECON",2,3.5,4,3.5,3.5,4,3.5,3.5
"N356115401225",2016,"PS","ANTH","MCS",4,4,4,4,4,4.5,4.5,4.25
"N309115413240",2016,"ANTH",NA,"ANTH",3.5,2.5,2,3,2,4.5,3,3.25
"N310115401240",2016,"LS","PS","LS",5,4.5,4.5,5,4.5,5,4.5,4.75
"N312115425240",2016,"ES","PS","ES",4,3.5,4.5,3.5,3,4,4.5,4.25
"N305115413244",2016,"GA",NA,"GA",4.5,4,4.5,4,4.5,4,3.5,3.75
"N333115408255",2016,"GA","ECON","ES",3,4.5,2.5,3.5,4.5,4.5,4,4.5
"N336115405262",2016,"PSY","LIT","PSY",4.5,3.5,5,4,5,4,4,4.25
"N337115401262",2016,"LIT","PHIL","PPE",4,4,4,4,3.5,4,4,4.5
"N339115425262",2016,"ECON","PPE","HIST",4.5,3.5,4.5,5,4,4.5,4,4.25
"N340115414262",2016,"LIT","ARTS HUM","LIT",5,5,5,5,5,4,3.5,4.5
"N341115413262",2016,"PPE","ARTS HUM","ARTS HUM",4.5,3.5,4,3.5,3.5,4,4,4.25
"N342115412262",2016,"MCS","PSY","US",4.5,4,3.5,4,4,4.5,5,4.75
"N344115408262",2016,"US",NA,"US",4.5,4.5,3.5,5,4,4.5,4,4.25
"N345115405262",2016,"US","ES","US",3,3.5,4,4,4.5,4.5,3,4
"N346115401262",2016,"PPE","GA","PPE",5,2.5,2.5,3,2,4,3,3.5
"N347115402262",2016,"PHIL","PPE","ANTH",3.5,3.5,4.5,3.5,3.5,3.5,3,4
"N350115413262",2016,"LIT","ANTH","LIT",5,5,4,4.5,5,5,4,4
"N352115410262",2016,"PPE","ARTS HUM","PHIL",3,3.5,4,4.5,2,4,3,4.25
"N353115408262",2016,"PSY","PS","ES",4.5,4,5,4,5,4,4.5,4.5
"N354115405262",2016,"PSY","PS","PSY",4,4,4,3.5,3.5,4,4.5,4.5
"N355115401262",2016,"LIT","ARTS HUM","ARTS HUM",4.5,4.5,3.5,4,3,5,4,4
"N356115402262",2016,"PPE","GA","MCS",4.5,4.5,5,4,5,5,4.5,4.25
"N358115424262",2016,"ECON","PHIL","PHIL",4.5,4,5,5,4.5,5,5,4.5
"N360115412262",2016,"ECON","GA","PHIL",3,3.5,3.5,4.5,2.5,4,3.5,3.25
"N361115410262",2016,"PSY","ANTH","PSY",4.5,5,3.5,4.5,4,4.5,3.5,3.75
"N362115408262",2016,"LIT",NA,"MCS",4,4,4.5,4.5,4,5,5,4.25
"N363115405262",2016,"PSY","ANTH","PSY",4,4.5,4,4.5,3.5,5,4,4
"N364115401262",2016,"ES","GA","ES",5,4.5,5,5,5,5,5,4.75
"N365115402262",2016,"ARTS HUM","ECON","US",3.5,4,3,3,3.5,4,3.5,3.75
"N366115425262",2016,"PHIL","LIT","ARTS HUM",3.5,4,4,4.5,4,3.5,2,3.75
"N367115424262",2016,"ARTS HUM","GA","LIT",3.5,2.5,3,3,2,3,2,3.75
"N368115423262",2016,"PSY","PPE","PHIL",3.5,4,4.5,5,4,4,3.5,3.75
"N369115421262",2016,"PPE","MCS","US",5,4,5,5,4.5,5,5,4.5
"N370115410262",2016,"PPE","LIT","MCS",4.5,3.5,3.5,4,4,4,4.5,4
"N371115408262",2016,"PPE",NA,"PPE",4,3.5,3.5,4,3.5,4.5,3.5,4.25
"N374115402262",2016,"US","LS","ARTS HUM",4,4,3.5,3,4.5,4.5,3.5,4.25
"N375115425262",2016,"PPE","ECON","MCS",4,4.5,4.5,4,5,4,4,3.75
"N376115424262",2016,"HIST","LIT","LIT",5,4.5,4.5,4,5,5,3.5,3.75
"N377115423262",2016,"PPE","GA","GA",4,3.5,4,3.5,4.5,4,3.5,4
"N378115421262",2016,"ECON","ARTS HUM","PPE",3.5,4,4,5,3,4,4,4.25
"N379115418262",2016,"GA","PPE","PHIL",4,3.5,3.5,4,3,5,3.5,3.75
"N381115405262",2016,"MCS","GA","MCS",3.5,3.5,4,3.5,3,4,4,3.5
"N383115402262",2016,"ECON","ES","ECON",4,4,3,4.5,3.5,4,5,4.25
"N384115425262",2016,"PPE","GA","PPE",4.5,3,3.5,4.5,3.5,4.5,4,2
"N385115424262",2016,"ECON","GA","MCS",3.5,3.5,4,3.5,4,4,4,4.25
"N386115423262",2016,"LIT","ARTS HUM","LIT",4.5,4.5,3.5,4.5,4,4,4,4.75
"N387115421262",2016,"LIT","GA","US",3.5,3,2,3,3.5,3,3,3
"N388115418262",2016,"PSY","ECON","PSY",4,5,5,5,4,5,4,4.75
"N389115414262",2016,"PS","PHIL","PS",4,4,3.5,4,5,4,5,4.5
"N390115405262",2016,"PPE","ECON","ECON",3.5,4,3,4,4.5,4,4,4
"N332115412272",2016,"PSY","GA","PSY",4,3,3.5,3,4,3,3,3.75
"N318115402282",2016,"GA","HIST","GA",3.5,4,4.5,3.5,4,4.5,3,4
"N319115424283",2016,"PPE",NA,"MCS",2.5,2,2,3,3,4,3.5,3.75
"N391116401207",2016,"ARTS HUM","LIT","ECON",3.5,4.5,4,4.5,3,4.5,3,3.5
"N393116425207",2016,"ARTS HUM","ANTH","ARTS HUM",5,5,5,4.5,5,4.5,4.5,4.75
"N394116424207",2016,"PSY","PPE","ANTH",4.5,3.5,3.5,4,4.5,3.5,3.5,4
"N395116423207",2016,"LIT","ARTS HUM","GA",3.5,4.5,3,3.5,3.5,4,2.5,3.25
"N397116418207",2016,"ECON","PPE","PPE",3.5,4.5,3.5,3.5,3,4,3,3.75
"N398116414207",2016,"HIST","PSY","HIST",4.5,4.5,5,4,5,4.5,3.5,4.75
"N399116413207",2016,"GA","ARTS HUM","LIT",4,3.5,4,4,4.5,4,2.5,4.25
"N301116421208",2016,"ECON","MCS","MCS",4.5,4,4.5,4,4.5,5,5,4.5
"N303116414208",2016,"ARTS HUM",NA,"ARTS HUM",4.5,4.5,3.5,4.5,2.5,3.5,2,4.25
"N304116413208",2016,"LIT","ES","ES",4,3,3,3.5,4.5,4.5,4,4.25
"N305116412208",2016,"GA","PPE","PPE",4,5,4,4.5,4,4,4,4.25
"N306116410208",2016,"LIT","PSY","GA",4.5,5,3.5,4,4.5,4,3.5,4.5
"N307116408208",2016,"GA","HIST","ANTH",4,4,4,4,3.5,4.5,3.5,4.25
"N309116401208",2016,"ES","PPE","ES",3,3.5,2,4,3,3.5,3,3.5
"N310116421208",2016,"ANTH","LIT","HIST",5,3.5,4.5,4.5,4.5,4.5,3.5,4.25
"N311116418208",2016,"PPE","GA","ANTH",4,4,3,3.5,3.5,4,3.5,3.5
"N312116414208",2016,"PPE","PSY","ARTS HUM",4,5,4,4,3.5,5,4.5,4
"N313116413208",2016,"ECON","PPE","MCS",3,5,4,3.5,3.5,4,5,4
"N324116421212",2016,"LS","ARTS HUM","LS",4,4,4,4,3,5,3.5,3.75
"N325116418212",2016,"GA","PPE","ES",3,4.5,3.5,4,3,4,3,3.25
"N336116408215",2016,"ECON","ANTH","PPE",4,4,4,4.5,3.5,4.5,3.5,4
"N337116405215",2016,"PS","MCS","MCS",4,4.5,5,4.5,4.5,4,4,4.25
"N339116402215",2016,"ARTS HUM","PS","MCS",4,3.5,3.5,3.5,2.5,4,3.5,4.25
"N340116418215",2016,"ARTS HUM","PSY","PSY",3.5,3.5,3.5,3,2,3,3,3.75
"N341116414215",2016,"PSY","ANTH","ANTH",4,3.5,5,4.5,4.5,4,4,4.75
"N342116413215",2016,"ES","US","ARTS HUM",4.5,4,4,3.5,4,4,3.5,4
"N343116412215",2016,"LIT","PSY","PSY",4,3.5,3,4,3.5,3.5,3,3.75
"N335116405217",2016,"ES","LS","ES",3.5,4,3.5,4,3.5,3,3.5,4
"N337116402217",2016,"PHIL","PSY","ANTH",4.5,4,4,4,3,4,3,4
"N300116408220",2016,"GA","HIST","PPE",2.5,4,2.5,4,3.5,4,2.5,3
"N330116424222",2016,"GA","PPE","PPE",3.5,3,4.5,3,4.5,4,3,3.75
"N377116425223",2016,"US","ANTH","ES",3,3,3.5,3,3.5,3.5,2,3.75
"N349111425274",2017,"PS","PPE","PS",5,4.5,3.5,4.5,4.5,4.5,5,4.5
"N343112414217",2017,"PPE","ARTS HUM","PHIL",4.5,5,4.5,5,4,4.5,4,4.5
"N373113405290",2017,"PPE","GA","MCS",4,2.5,3.5,3,3.5,4,4.5,4.25
"N378114401240",2017,"GA","ARTS HUM","PPE",4,4,5.5,5,4,5,3.5,3.5
"N350114423299",2017,"PS","PS","MCS",4,3.5,5,4,4,4,5.5,5
"N301115412200",2017,"US","PS","ES",4,3.5,3.5,3.5,4,4,5,4.5
"N335115424200",2017,"PSY","GA","US",5,5,4.5,4.5,4.5,5,5,4.75
"N333116413206",2017,"ECON","ES","ECON",4,4.5,3.5,4,3,4,3.5,4.5
"N338116402207",2017,"PSY","ARTS HUM","ANTH",4,5,5,5,4.5,4,5,4.5
"N317116424248",2017,"PSY","HIST","HIST",3.5,3,3,3,4,4,3.5,4.25
"N378116402288",2017,"HIST","PPE","ANTH",4,4.5,4,4,3.5,4,4,4.5
"N321116401295",2017,"ECON","ES","ECON",3.5,3.5,3,4,3.5,3.5,3.5,4
"N322116402295",2017,"ANTH","GA","ES",4.5,4.5,4,5,4,4,3.5,4
"N323116425295",2017,"PPE","ARTS HUM","PSY",4,4,4.5,4.5,4,4.5,4,4.5
"N324116424295",2017,"PSY","ARTS HUM","ANTH",4,4.5,3.5,3.5,3.5,5,2.5,3.75
"N325116423295",2017,"GA","HIST","HIST",4.5,4,4,3.5,5,4.5,4.5,4.75
"N328116414295",2017,"HIST","ES","PSY",4.5,4.5,4,3.5,4.5,3.5,4,4
"N329116413295",2017,"LS","LS","ANTH",3.5,3.5,3,3,3,4.5,3.5,3.75
"N398116402295",2017,"ARTS HUM","LIT","GA",3,4,3,4,4,4,2,4
"N399116425295",2017,"GA","PPE","US",3.5,4.5,4.5,4,4.5,4,4,4.5
"N301116405296",2017,"GA","PPE","GA",4.5,4,4.5,4,4,5,2.5,4.5
"N302116401296",2017,"GA","ARTS HUM","ES",4.5,4,3,4.5,3,4.5,3,4.5
"N304116425296",2017,"ARTS HUM",NA,"ARTS HUM",4,4,3.5,4.5,4.5,4,4.5,4.25
"N305116424296",2017,"ECON","GA","ECON",3.5,4,4.5,4,3.5,4.5,4,3.75
"N308116418296",2017,"PPE","GA","LIT",3,2.5,3,4.5,3,2.5,4,3
"N309116414296",2017,"GA","HIST","PPE",4.5,3.5,4,4.5,4.5,5,4,4.5
"N310116405296",2017,"ECON","MCS","MCS",3.5,4,4,4.5,3.5,4.5,4,5
"N311116401296",2017,"ANTH","ECON","ANTH",2.5,3.5,3.5,3,3.5,4,3.5,3.25
"N312116402296",2017,"PPE","ARTS HUM","PPE",4,4,3,3,3,3.5,3.5,4
"N313116425296",2017,"ECON","MCS","ECON",3,4,3.5,4,3.5,3.5,3.5,3.75
"N317116418296",2017,"ECON","MCS","GA",3,3.5,4,3,3.5,4,4,3.25
"N319116413296",2017,"PPE","GA","PPE",4.5,4.5,4,4,5,4.5,4,3.5
"N320116401296",2017,"ECON","ECON","MCS",3.5,4,4,4,4,3,5,4.5
"N321116402296",2017,"PS","PS","MCS",3,3,3,2.5,3,3.5,2,3.75
"N322116425296",2017,"ECON","ES","MCS",2.5,4,3.5,3.5,3.5,4.5,4,3.75
"N323116424296",2017,"PPE","ANTH","HIST",4,4,4,4,3.5,4.5,3,3.5
"N324116423296",2017,"ANTH",NA,"ANTH",4.5,5,4,5,4.5,5,4,4
"N325116421296",2017,"ECON","MCS","MCS",4,4,5,4.5,4.5,4,5,4.75
"N326116418296",2017,"PSY","ECON","PSY",4.5,4,4,3.5,3.5,4,3,3.75
"N327116414296",2017,"GA","PSY","US",4.5,2,4.5,4,3.5,5,3.5,4
"N328116413296",2017,"ANTH","ARTS HUM","PPE",4.5,5,3.5,4.5,3.5,4,2.5,3.75
"N329116412296",2017,"ANTH","ANTH","ARTS HUM",4.5,4,4,4.5,5,4,2.5,3.25
"N330116402296",2017,"MCS",NA,"MCS",4,4,4,3,3.5,3.5,4,4
"N331116425296",2017,"GA","PPE","GA",3,4,4.5,4,3.5,4,3.5,3.75
"N332116424296",2017,"ECON","PPE","HIST",4.5,4.5,4.5,4,4.5,4.5,4.5,4.5
"N333116423296",2017,"ANTH",NA,"US",4.5,4,3.5,4,3,4,3,4
"N334116421296",2017,"GA","ECON","US",3,3.5,2,4.5,3.5,3.5,2,2.75
"N335116418296",2017,"MCS","PPE","MCS",3,2.5,2.5,2.5,2.5,3.5,4,2.25
"N337116413296",2017,"ARTS HUM","HIST","US",4,4,4,4,4,4.5,4,4.25
"N338116412296",2017,"LIT","ARTS HUM","LIT",4,5,4.5,4,4,4,3.5,4
"N339116410296",2017,"PHIL","LIT","US",4.5,4.5,4,3.5,3.5,4.5,2.5,3
"N340116425296",2017,"MCS","PS","PS",3.5,3.5,3.5,4,3.5,4,4,3.5
"N337117410203",2017,"ECON","PSY","ECON",4,4,3,3,2.5,4.5,2.5,3.5
"N338117408203",2017,"ECON","MCS","ECON",3.5,3.5,3.5,4,3.5,4,4.5,3.75
"N339117405203",2017,"GA","LS","LS",4,4.5,4,4,5,4,4,4.75
"N340117423203",2017,"PPE","US","PPE",4,4,4.5,4,3.5,4.5,4.5,4
"N341117421203",2017,"ECON","LS","ECON",4,4,4.5,4,3.5,4,4,4.75
"N342117418203",2017,"PS","ECON","MCS",4,4,4,4.5,3,5,4,4.5
"N343117414203",2017,"ECON","PPE","ES",4,4,4.5,4,3.5,4,4,4.5
"N345117412203",2017,"MCS","PS","MCS",3.5,4,4,4,3.5,3.5,5,4.25
"N346117410203",2017,"GA","PPE","US",5,5,4.5,5,5,4.5,5,5
"N348117405203",2017,"LS","ES","LS",3,3.5,3,3.5,2.5,3.5,3.5,2.75
"N349117401203",2017,"LS","PSY","US",3,3,4.5,3.5,3,4,3.5,4
"N350117421203",2017,"PPE","PSY","PSY",4,4.5,4.5,4.5,3,4,4,4.25
"N351117418203",2017,"ES","US","PS",4.5,4,4,4,5,4,5,4.75
"N352117414203",2017,"PS","PSY","LS",2.5,4.5,3.5,3.5,3,4.5,2.5,3.5
"N353117413203",2017,"ECON","PPE","PPE",4,3,3,3.5,3,3.5,2.5,2.75
"N354117412203",2017,"PPE","ECON","PSY",3,4,3,3.5,3,3.5,4,3.75
"N355117410203",2017,"GA","PPE","LS",4,4.5,4.5,5,3.5,5,3.5,5.25
"N356117408203",2017,"PPE","PSY","MCS",4,3.5,3,3,4,4,3.5,4
"N357117405203",2017,"LS","LS","PS",3.5,4.5,3.5,3.5,3.5,4,3.5,4
"N358117401203",2017,"PPE","ECON","PSY",2,2,3.5,3.5,2,3,3.5,1
"N359117402203",2017,"ES","PS","MCS",3.5,4,4,5,4.5,4,5,4.5
"N360117418203",2017,"PPE","ECON","MCS",3.5,4.5,3,4,4,5,4,4.5
"N361117414203",2017,"PPE","MCS","PPE",3.5,4.5,4.5,4.5,4.5,4.5,5,4.5
"N362117413203",2017,"PPE","GA","GA",4,4.5,4,4,4.5,4,3,4.25
"N363117412203",2017,"ANTH","PHIL","US",2.5,2.5,3.5,2.5,3.5,3.5,3.5,3.5
"N364117410203",2017,"MCS","ECON","MCS",4.5,4,4.5,5,4.5,4.5,5.5,5
"N365117408203",2017,"ECON",NA,"ECON",3,4,3.5,3.5,4,4.5,4,4
"N368117402203",2017,"PPE","ARTS HUM","GA",4.5,4.5,4.5,4.5,4.5,4,4,4.5
"N369117425203",2017,"GA","PSY","PPE",3,4.5,4,4,4,5,4,4
"N370117414203",2017,"PSY","PPE","PPE",4.5,4,5,4.5,4.5,4,4,5
"N371117413203",2017,"PSY","ARTS HUM","LS",3,4,4.5,4,4.5,4.5,4,4.75
"N373117410203",2017,"MCS","PS","MCS",3,2,3,4,2,3.5,3.5,3.75
"N374117408203",2017,"PPE","ARTS HUM","GA",2,2,2,2.5,3,3.5,2,1
"N376117401203",2017,"LS","ES","LS",4,4.5,3.5,4.5,4,4,4,4.5
"N377117402203",2017,"PPE","ECON","PPE",4,4.5,4,4,4.5,4.5,4.5,4.75
"N378117425203",2017,"PPE","ECON","ECON",3,3.5,2.5,4,3,4,3,3
"N379117424203",2017,"PPE",NA,"PPE",5,4.5,4.5,4,4.5,4,4,4
"N380117413203",2017,"ES",NA,"ES",4,4,4,4.5,4,4,3.5,4
"N381117412203",2017,"ECON","GA","ECON",4,4,3,3,3.5,3.5,4,4
"N383117408203",2017,"MCS","PS","PPE",3,3.5,3,3.5,3,4.5,3,3.25
"N384117405203",2017,"PPE","LS","ECON",3.5,4.5,4.5,4,4,4,4,4.5
"N385117401203",2017,"ECON","PPE","ECON",4,4.5,4,4,3.5,4,4.5,4.25
"N386117402203",2017,"ES","PS","ECON",3.5,3.5,4,4.5,3.5,4,3,3.25
"N387117425203",2017,"PPE","PPE","MCS",3.5,4,4,4,4.5,4,4.5,4.75
"N388117424203",2017,"PSY","PPE","PSY",2.5,3.5,3.5,3.5,4,4,4,3.75
"N389117423203",2017,"MCS","LS","PSY",4.5,4,4.5,4,4.5,4,4,4.25
"N390117412203",2017,"MCS","PS","MCS",3.5,3,3.5,3,3,3.5,4,4
"N391117410203",2017,"LIT","PS","GA",3.5,4,3,4,3,4,2,3
"N392117408203",2017,"ARTS HUM","ARTS HUM","GA",4,4,5,4,3,4.5,3.5,4
"N393117405203",2017,"ANTH","ARTS HUM","LS",4.5,4.5,5,4.5,4,5,4.5,4.5
"N394117401203",2017,"LS","PS","LS",2.5,3,2.5,4,2.5,3.5,2.5,3.5
"N395117402203",2017,"ARTS HUM","PSY","ARTS HUM",4,3.5,4,4,3,3.5,2,3.25
"N399117421203",2017,"MCS","LIT","LIT",4.5,4,4,4,3,4.5,4,3.25
"N300117402204",2017,"MCS","PS","MCS",3.5,4,4,3,3.5,4,4,3.75
"N301117425204",2017,"PSY","PHIL","PSY",4,4.5,4,4,4,4.5,3.5,4
"N302117424204",2017,"ECON","PS","PHIL",4,4.5,5,5,5,4,5,4.75
"N305117418204",2017,"PSY","GA","GA",3,3.5,4,4,4.5,4,4,4
"N307117413204",2017,"MCS",NA,"MCS",3.5,3,3.5,3,3.5,3.5,3.5,3
"N308117412204",2017,"PPE","MCS","ECON",3.5,2.5,3,3,3.5,3.5,4,3.25
"N309117410204",2017,"LS","PS","LS",4.5,4.5,5,4.5,5,4,4.5,4.25
"N310117425204",2017,"PS",NA,"PS",3,3.5,3.5,4,3.5,4,4,3.75
"N312117423204",2017,"PS","MCS","PS",3.5,4.5,5,4,4.5,4.5,5,4.75
"N313117421204",2017,"PSY","US","GA",4.5,4.5,4,4.5,4.5,5,4.5,4.25
"N315117414204",2017,"MCS","PPE","PPE",2,2,2.5,3,2,2.5,3.5,2.75
"N319117408204",2017,"GA","ECON","PPE",4.5,4,5,5,4,4.5,3.5,4.25
"N320117424204",2017,"GA","PPE","PPE",3.5,4,3.5,4,4,4,2,4.25
"N321117423204",2017,"ANTH","ANTH","PPE",4,4,4,4,3.5,3.5,2,3.75
"N322117421204",2017,"MCS","ECON","PS",3,2,3,3,3.5,3.5,2.5,3.25
"N323117418204",2017,"PS","PHIL","ES",4,3.5,4,4,2.5,4,2,3.5
"N324117414204",2017,"PSY","PS","ES",4,4.5,4.5,5,4.5,4.5,5,4.5
"N325117413204",2017,"PS","ARTS HUM","PS",4,3.5,3.5,2,4,3.5,3.5,4.25
"N326117412204",2017,"PPE","ECON","ECON",3.5,4,3,5,2,4,2,3.25
"N327117410204",2017,"MCS","ECON","PS",4,4,4,4,3.5,4,4,3.75
"N328117408204",2017,"ANTH","ANTH","US",4.5,3.5,4,4,4.5,4.5,3.5,3
"N329117405204",2017,"HIST","PSY","PHIL",4.5,4.5,5,5,5,5,5,5
"N330117423204",2017,"ES","GA","ES",3.5,3.5,3.5,3.5,3,4.5,3.5,4
"N331117421204",2017,"GA","ARTS HUM","GA",4.5,4,4.5,3.5,4,4,3.5,3.5
"N332117418204",2017,"ECON",NA,"ECON",3,4,3.5,3.5,3.5,4,3.5,3.5
"N333117414204",2017,"GA","PPE","PHIL",4,4.5,4.5,4,3.5,4,3.5,4.5
"N334117413204",2017,"PSY","PPE","MCS",4.5,4,4.5,3.5,4,4,4,4.25
"N335117412204",2017,"LS","ECON","ANTH",4,3.5,3.5,3.5,4.5,4,4,3.5
"N336117410204",2017,"GA","US","US",4,4,3,4,3.5,4.5,2.5,4.25
"N339117401204",2017,"PPE","ECON","ECON",4.5,5,5,5,4.5,5,5,4.75
"N341117418204",2017,"LS","PSY","PSY",3.5,4,3.5,4,4,4,2.5,4
"N343117413204",2017,"HIST","PS","PS",4.5,4,4,4.5,4.5,4,4,4.75
"N344117412204",2017,"US","PPE","MCS",3.5,3,2.5,3.5,2,3.5,2,3.25
"N345117410204",2017,"ES","ECON","ES",4.5,4.5,4,3.5,3,5,4.5,4.5
"N324117405209",2017,"ES","PS","PS",3,4.5,4,4,4,4,5,4.75
"N339117421209",2017,"PS","PS","MCS",3.5,3.5,4.5,4,5,4.5,4.5,4.75
"N341117408209",2017,"LS","LIT","LS",5,5,5,5,5,5,4,5.25
"N342117405209",2017,"PS","PSY","MCS",4.5,4.5,5,5,4.5,4.5,5,4.75
"N343117401209",2017,"PPE","GA","GA",5,5,3.5,4.5,4.5,4.5,3.5,3.25
"N345117425209",2017,"PSY","PS","ARTS HUM",4,2.5,4.5,3.5,3.5,3,3.5,3.25
"N395117424214",2017,"ARTS HUM","PS","PSY",4,4.5,4,4.5,4.5,4,4,4.25
"N397117421214",2017,"PS","ANTH","PPE",3.5,4.5,3.5,3,4.5,4,4.5,5
"N398117418214",2017,"GA","PPE","ANTH",5,4.5,5,4.5,5,5,5,5
"N399117414214",2017,"PPE","ECON","ES",4,4,4.5,4.5,4.5,4,4,4.25
"N300117424215",2017,"PSY","MCS","PSY",4.5,4,4,4,4,4,4,4.5
"N301117423215",2017,"HIST","PPE","ECON",4,4.5,4.5,4,3.5,4.5,3.5,4.75
"N302117421215",2017,"ANTH","PPE","ES",4,4.5,4,4.5,5,4,4,3.5
"N303117418215",2017,"PHIL","LIT","ARTS HUM",3,2,3,3.5,3,3.5,3.5,4.25
"N304117414215",2017,"ECON","PPE","ECON",4,5,4.5,4.5,5,5,5,5.25
"N305117413215",2017,"PHIL",NA,"PHIL",4.5,4,3.5,3.5,4,4,3,3.5
"N306117412215",2017,"ARTS HUM","GA","GA",3,4,4,4.5,3.5,4,4,3.25
"N307117410215",2017,"LIT",NA,"PHIL",4,2.5,5,4,3.5,5,4,3.75
"N308117408215",2017,"PSY","ANTH","ANTH",4.5,3.5,3.5,4,2.5,4,4,4
"N343117410215",2017,"ANTH","US","ES",4,3,4.5,4.5,4,4.5,4.5,4.5
"N344117408215",2017,"ECON","MCS","PPE",2.5,3,4,3.5,3,4,3,4.5
"N345117405215",2017,"LIT","ARTS HUM","ECON",4,4.5,4,3.5,4,4,4,4.25
"N347117402215",2017,"GA","PPE","PSY",4,3,4.5,3.5,3.5,4,4,4.25
"N348117425215",2017,"PPE","ANTH","PSY",4,4.5,4,4.5,3.5,4,4,3.5
"N349117424215",2017,"GA","ECON","LIT",3.5,4,4.5,4,3.5,5,4,4
"N350117413215",2017,"GA","PPE","MCS",4.5,4.5,4,5,4,5,5,5
"N351117412215",2017,"MCS","PPE","MCS",4,5,4,4.5,5,4.5,5,5
"N352117410215",2017,"ES","US","ES",5,3.5,4.5,4.5,4.5,4.5,4,5
"N354117405215",2017,"LIT",NA,"ARTS HUM",4.5,4.5,3.5,4.5,3.5,4,3.5,3.75
"N355117401215",2017,"ARTS HUM","ES","ES",3.5,4,4,3.5,4,4.5,4,4.75
"N357117425215",2017,"LIT","PPE","ES",3.5,4,3.5,4.5,3.5,3.5,3.5,3.25
"N359117423215",2017,"LIT","PPE","PHIL",4.5,3.5,4.5,4,3.5,3.5,2.5,3.5
"N363117405215",2017,"PPE","US","PPE",4.5,4.5,5,5,4.5,5,4,5
"N364117401215",2017,"PPE","GA","PPE",4,4,4.5,4,4,5,3.5,4.5
"N365117402215",2017,"GA","PPE","PPE",3.5,4,3.5,5,3,4,3.5,4
"N366117425215",2017,"PSY","ANTH","ANTH",4,5,4.5,4,4,4,4,4.5
"N367117424215",2017,"ARTS HUM","GA","HIST",3.5,3.5,3.5,4,3.5,3,4,3.25
"N368117423215",2017,"ECON","GA","ANTH",4,4.5,4,4.5,4,4.5,4,4.75
"N370117410215",2017,"ANTH","GA","PPE",4,3.5,4,4,4.5,4,4,4
"N371117408215",2017,"ARTS HUM","PPE","PHIL",4.5,4,5,5,5,5,5,5
"N372117405215",2017,"GA","HIST","US",4.5,3.5,4.5,4.5,4,4.5,4,4
"N374117402215",2017,"LIT","PHIL","LIT",4,4.5,4,5,3.5,4,2.5,4
"N375117425215",2017,"PSY","US","PSY",4,4.5,4,5,4,4,4,4.5
"N377117423215",2017,"PHIL","PSY","PHIL",4.5,4.5,4.5,4,5,4.5,4,4
"N378117421215",2017,"ES","ARTS HUM","PPE",3.5,4,3.5,4.5,4,4,4,3.5
"N379117418215",2017,"GA","ECON","US",4,4,4,4,4.5,4.5,4.5,3.75
"N380117408215",2017,"PPE","GA","ECON",3,4,4,4.5,3.5,4.5,3.5,4.25
"N381117405215",2017,"LIT","ARTS HUM","US",3,4,3,3,3.5,4.5,3.5,3.5
"N382117401215",2017,"HIST","LIT","LIT",5,5,4.5,5,5,5,3,3.5
"N384117425215",2017,"ARTS HUM","GA","ES",4,4.5,4,4.5,4.5,5,4,4.5
"N385117424215",2017,"LIT","MCS","MCS",5,4.5,4.5,5,5,5,4,5.25
"N387117421215",2017,"HIST","LIT","ARTS HUM",3.5,4,4,4,4,4,3.5,3.25
"N388117418215",2017,"US","ES","US",5,4,4.5,4,4.5,4,4.5,5
"N390117405215",2017,"HIST","GA","HIST",4.5,4.5,4.5,4,5,4.5,5,4.75
"N391117401215",2017,"HIST","GA","GA",3.5,3.5,4,3,3,4.5,2,3.75
"N392117402215",2017,"PPE","GA","ANTH",4,4,4.5,4.5,3.5,4,4,4.25
"N393117425215",2017,"LIT","ARTS HUM","LIT",2.5,4,4,4.5,4,4,2.5,3.5
"N382117423219",2017,"LS","PHIL","HIST",4.5,4,4,4,3.5,5,4,4.25
"N303117425220",2017,"HIST","LS","LS",3,4,4,4.5,3.5,4.5,3,4.25
"N333117405227",2017,"PSY","LS","PSY",4,4,4,4,4,3.5,4.5,4.25
"N327117401243",2017,"LIT","PPE","PPE",4,5,4.5,4,3.5,4,4,4.5
"N332117412243",2017,"ES","PS","LS",4,3.5,3,2.5,2.5,3.5,4,4.75
"N334117408243",2017,"GA","PPE","US",4,4,4,4.5,4,4,4,3.75
"N335117405243",2017,"ANTH","LS","LS",3.5,4.5,4,4.5,3.5,4,3.5,3.5
"N324117405245",2017,"PPE","ANTH","PPE",3.5,4,4,4,3.5,3.5,4.5,4
"N328117424245",2017,"ARTS HUM","MCS","US",5,5,4.5,4.5,4,4.5,5,5.25
"N393117421263",2017,"PPE","HIST","PSY",4,3.5,3.5,4,3.5,4.5,4,4.25
"N303120413277",2019,"LS","PS","PS",4,3.5,3.5,4,4.5,3.5,4,3.5
"N389120413276",2019,"GA","ES","PS",4,4,2,3,3.5,4,3,4
"N369120418276",2019,"GA","PPE","PPE",4,4,4,4,4,3.5,3,3.75
"N367120418296",2019,"ARTS HUM","PPE","GA",4,4.5,4.5,3,4,4.5,3.5,3.5
"N399120412276",2019,"ECON","PPE","ECON",3,4,2,3,3.5,4,3.5,3.5
"N356120423296",2019,"LIT","ARTS HUM","PPE",4,5,3.5,4,5,4,4,4
"N313120412277",2019,"MCS",NA,"MCS",3.5,3.5,4.5,3,3.5,3.5,4,4.5
"N347120424277",2019,"ES","PPE","ES",4.5,4.5,3,4,3.5,3.5,2,3.25
"N385120421277",2019,"ECON","ANTH","MCS",3.5,4,4,3.5,4,4,3.5,4.75
"N349120421277",2019,"GA","ECON","GA",4,4.5,4.5,4,4,4.5,3.5,4
"N302120414277",2019,"LIT","ES","ES",4,4,3.5,3.5,3.5,4,4.5,3.75
"N328120423297",2019,"LS","ECON","MCS",4.5,5,3.5,4,4.5,4,4.5,4.5
"N375120421296",2019,"GA","HIST","HIST",5,5,5,4.5,4.5,4,4.5,5
"N386120421276",2019,"ES","PPE","ES",4.5,4.5,3.5,4.5,4.5,4,2,3.25
"N387120413296",2019,"LIT","ANTH","US",4.5,5,4.5,4.5,4.5,4.5,3.5,4.25
"N311120414277",2019,"PPE","ECON","GA",4,4.5,4.5,4,3.5,4,2.5,3.5
"N308120425297",2019,"ECON","MCS","MCS",4,4,4,3.5,4.5,3.5,2.5,4
"N387120414277",2019,"MCS","PS","MCS",3.5,4.5,4.5,4.5,4.5,4.5,4.5,5
"N326120401277",2019,"ECON","MCS","PPE",3.5,5,3,5,3.5,3.5,4,4.25
"N341117402293",2019,"LS","LIT","ANTH",4.5,4,4,4,4,4.5,4.5,4.75
"N332120410277",2019,"PSY","PHIL","PSY",4.5,4.5,5,4.5,4,5,4,4
"N372120425296",2019,"US","ES","US",4.5,4.5,5,4,4,4,4,4.75
"N381120402277",2019,"MCS","ARTS HUM","MCS",4.5,4,4,4.5,4,4,4,4.25
"N353120401277",2019,"PS","ARTS HUM","PS",5,5,4,3.5,5,4.5,5,4.75
"N374120423296",2019,"ECON","LS","ECON",4,4,3.5,4.5,4,4,2.5,3.75
"N374120425276",2019,"PPE","ANTH","US",4,4,5,3.5,4.5,4.5,3.5,3.5
"N307120401278",2019,"ANTH","ARTS HUM","US",4,4.5,4,4,4.5,4,4,4.5
"N360120405296",2019,"PPE","ECON","PSY",4.5,5,4,4,4.5,5,3,4.25
"N300120418278",2019,"ARTS HUM","PPE","PPE",4.5,4.5,4,4,4,5,3,3.75
"N368120414296",2019,"PSY","LS","PSY",5,4.5,3.5,4,4,4,4,4.5
"N357120421296",2019,"PPE",NA,"HIST",4.5,4.5,5,4.5,4,4,3.5,4
"N368120421276",2019,"HIST","PPE","HIST",4.5,5,5,4.5,4.5,4.5,4,4
"N306120401297",2019,"PSY","ARTS HUM","ARTS HUM",3.5,4,3,3.5,4,3.5,2.5,3.5
"N322120412277",2019,"GA","PSY","GA",4.5,3.5,2.5,3.5,4,4,3.5,3.75
"N316120405277",2019,"ARTS HUM","ARTS HUM","ARTS HUM",4.5,4.5,4,4,4.5,4.5,2.5,2.75
"N369120414277",2019,"LS","PSY","PPE",4,5,3.5,4.5,4,4,4.5,4.5
"N396120414277",2019,"LS",NA,"LS",3.5,4.5,4,3.5,4,4.5,4,4
"N394120418296",2019,"ECON","MCS","MCS",3.5,4.5,4.5,4,4.5,4,4,4.5
"N378120413296",2019,"ES","ANTH","ES",3.5,4.5,3,3.5,4,3.5,4,4.25
"N329120424277",2019,"PPE","ANTH","PPE",4.5,4.5,4,4.5,4,4,4,4.75
"N376120418296",2019,"US","ES","ES",3.5,4.5,3.5,3.5,4.5,3.5,3.5,3.75
"N351120408277",2019,"LS","GA","MCS",3.5,4,4,5,4,4.5,5,4
"N365120424277",2019,"PPE","GA","PPE",4,5,4.5,5,4.5,4.5,3,4.25
"N364120425277",2019,"ARTS HUM","ANTH","ARTS HUM",5,4,3,4.5,3,4,2,3
"N331120408297",2019,"PPE","ECON","PPE",4.5,3.5,3,4,4,3.5,2.5,4.5
"N324120401297",2019,"PPE","GA","HIST",3.5,4,4,4,4,4,4,4
"N314120410277",2019,"LS","GA","PPE",4,4.5,3.5,4.5,3.5,4,2,4.25
"N303120408213",2019,"ES","US","ANTH",4,5,3.5,3.5,4.5,3.5,3.5,3.75
"N305120408278",2019,"PPE","ARTS HUM","PSY",4,5,4,4,3.5,3.5,3.5,3.5
"N307120402297",2019,"ES","MCS","PS",3.5,3.5,3.5,4,2,4,3,3.5
"N319120425277",2019,"GA","ECON","PPE",3,4,3.5,3,4,3.5,2.5,3
"N339120423277",2019,"PPE","ARTS HUM","MCS",3.5,4.5,4.5,4.5,3.5,4.5,3.5,4.25
"N327120424297",2019,"ANTH",NA,"ANTH",5,4,4.5,5,4.5,4,4,4.5
"N389120412277",2019,"PSY","PPE","HIST",3.5,4,3.5,4,4,4,2,4.25
"N321120413277",2019,"PPE","GA","GA",4,4.5,3.5,3,3.5,4,3.5,3.75
"N369120413296",2019,"PPE","GA","GA",4.5,4,3.5,4,3.5,4.5,2.5,3.75
"N373120402276",2019,"ARTS HUM","LIT","GA",5,4.5,2.5,3.5,4.5,4,3.5,3.25
"N334120405277",2019,"PS","LS","LS",4,4.5,4.5,4,4.5,4.5,4,5
"N359120418277",2019,"LS","PSY","PSY",4,3.5,3.5,4.5,3.5,4,3.5,4.5
"N303120410297",2019,"LS","PS","PS",4.5,5,4.5,4.5,5,4,4.5,3.75
"N318120402277",2019,"GA","PPE","GA",4.5,4.5,4,4,4,4,4,3.75
"N388120412296",2019,"PS","PSY","ANTH",3.5,3.5,5,3.5,4.5,4,4,4
"N315120401297",2019,"ES","GA","ES",4.5,4.5,3,4,4.5,4,3.5,4.5
"N352120405277",2019,"HIST","PPE","LIT",4.5,4.5,3,3.5,5,3.5,2.5,3.75
"N321120410297",2019,"MCS","PS","ES",4.5,4.5,4,3.5,4.5,4,5,4.5
"N301120418277",2019,"PSY","ECON","US",4.5,4,4,4.5,3,4.5,2,3.25
"N310120414278",2019,"PPE","HIST","PHIL",3.5,3.5,5.5,4,4,4,3,3
"N333120401297",2019,"ECON","ECON","ECON",3.5,4,4,4.5,3.5,5,3.5,4
"N358120421277",2019,"PPE","PSY","PHIL",4.5,4,4.5,4,4.5,4,5,4.75
"N380120405276",2019,"PPE","ARTS HUM","HIST",5,5,4,4.5,4.5,5,3,4.75
"N302120412297",2019,"PPE","US","GA",3,4.5,3.5,4,3.5,4,2.5,3
"N335118418249",2019,"GA","PPE","ES",4,4.5,4,4,4.5,4,4.5,3.75
"N374121423210",2019,"LS","PSY","LS",3.5,4.5,3.5,4,4.5,3.5,3.5,3.5
"N378120418276",2019,"PPE","PSY","ES",4,4,3.5,3.5,4,4,4,4.25
"N380119410203",2019,"US","ECON","MCS",4,5,5,5.5,4.5,4.5,5,4.25
"N373120425277",2019,"PSY","US","LS",5,5,4,4.5,5,3.5,2.5,3.75
"N353120402296",2019,"PPE","LIT","HIST",4.5,5,4,4,4.5,4.5,4,4.25
"N310120413297",2019,"MCS","PPE","MCS",4,3.5,4,3.5,4,4,4,4.25
"N361120401296",2019,"LS","PS","ES",4.5,4.5,5,5,5,4.5,5,5
"N349120418296",2019,"ECON","GA","ECON",4.5,5,5,5,4.5,4,3.5,3.75
"N379120412296",2019,"US","HIST","US",4,4.5,3.5,3,4.5,3.5,4,4.75
"N371120402296",2019,"ANTH","ARTS HUM","ANTH",5,5,4.5,5,4.5,4,4,4
"N317120425297",2019,"ANTH","PSY","PS",4.5,4,4,4.5,4.5,3.5,4,4
"N392120424277",2019,"PPE",NA,"PPE",4,4.5,4,4,4.5,4,3.5,3.75
"N362120401277",2019,"PPE","ARTS HUM","GA",4,5,4,4,5,4,2.5,4.5
"N305120405297",2019,"PPE","ECON","ECON",3.5,3.5,2.5,3,4,3,2.5,2.75
"N313120408297",2019,"MCS","US","US",5,5,5,5,4.5,5,4,5
"N391120402276",2019,"HIST","ANTH","ARTS HUM",4,5,4,4,4,4,2.5,3.25
"N372120402277",2019,"MCS","MCS","MCS",4.5,4,4.5,4.5,5,5,4,3.75
"N399120410277",2019,"US","PPE","ANTH",4.5,4.5,4.5,4.5,4,5,2.5,4
"N361120405277",2019,"MCS","PS","MCS",4,4.5,3,4,3,3,3.5,4.5
"N309120425278",2019,"MCS","ECON","MCS",4.5,4.5,4.5,4.5,5,5,4.5,4.25
"N394120423276",2019,"ARTS HUM","PPE","LIT",4,4.5,2.5,3.5,3.5,4,2,3.25
"N304120412277",2019,"ES","PSY","GA",5,4.5,3.5,3.5,3.5,4.5,3,2.75
"N363114413299",2019,"MCS","PS","MCS",4.5,4.5,5,4,4.5,4,5,4.75
"N334120402297",2019,"ES",NA,"ES",4,3.5,3.5,3.5,4.5,3.5,4,4
"N327120402277",2019,"ANTH","PPE","ARTS HUM",5,5,4.5,5,5,5,4,3.5
"N362120402296",2019,"PPE","ECON","GA",4,4.5,4,4,4.5,4.5,4,3.75
"N392120425276",2019,"PPE","ECON","PPE",3.5,4.5,3.5,4,4,4.5,3.5,4.5
"N305120410277",2019,"PSY","ES","ES",4,4,4.5,4,4.5,4,2.5,4.75
"N395120414296",2019,"PPE","HIST","PSY",4.5,4.5,4,4.5,4.5,5,3,3.75
"N393120421296",2019,"ANTH","GA","ANTH",4.5,4.5,5,4.5,5,4,2.5,4.75
"N391120425277",2019,"PSY",NA,"MCS",4.5,4.5,3.5,4,5,3.5,4,3.5
"N370120405277",2019,"PSY","ANTH","PSY",4,4.5,4,4,4,4,3.5,5
"N397120413277",2019,"ANTH","PSY","US",4,4.5,3.5,3.5,4,3.5,4,4.75
"N382120424296",2019,"PSY","ARTS HUM","ANTH",4.5,4.5,4,4,3.5,4.5,3,4.25
"N316120402297",2019,"HIST","PPE","PPE",4.5,4.5,3.5,5.5,4,4.5,3.5,3.5
"N392120413260",2019,"ANTH","ES","ES",3.5,4.5,4,4,4.5,4,4,4
"N320120412297",2019,"HIST","LS","PPE",4,5,4.5,4,4,4.5,3,4.75
"N300120421277",2019,"ECON","PSY","PSY",4,5,4,4.5,4,4.5,4.5,3.5
"N323120410277",2019,"PSY","LS","PSY",4,4.5,4.5,4.5,4,4.5,4.5,5
"N352120401296",2019,"ARTS HUM","ANTH","GA",4,5,4,3,4.5,4,3.5,3.75
"N375120424276",2019,"ES","ANTH","ES",4.5,4.5,4.5,4,4.5,4,4,4.5
"N323118412206",2019,"PPE","ANTH","GA",4.5,4.5,5,4,4.5,4.5,4,4.5
"N397121412210",2019,"ARTS HUM","PSY","US",3,4.5,4,3.5,4,4,4,4
"N384120421296",2019,"LS","ARTS HUM","LS",3,4,4,3,4,3.5,3.5,3.75
"N391120424296",2019,"ECON","ANTH","LIT",5,4.5,4.5,4,4.5,4.5,3,3.5
"N388120414276",2019,"ANTH","LIT","LIT",4.5,5,4.5,3.5,4.5,4,2.5,3.75
"N336120402277",2019,"PPE","PSY","PSY",4,5,4.5,4.5,3.5,4,4,4.5
"N374120424277",2019,"ARTS HUM",NA,"US",4,3.5,4,4.5,4,3.5,3,4
"N363120402277",2019,"PPE","GA","US",3.5,5,5,5,4,4,4.5,4
"N375121421210",2019,"LS","PPE","US",3.5,4.5,3.5,3.5,4,4,2.5,3.5
"N347120423296",2019,"PPE","PHIL","ANTH",3.5,4.5,3.5,4,4.5,4,4,4.5
"N338120421297",2019,"PPE","ANTH","ECON",5,4.5,4,4,4.5,4,2,3
"N310120418277",2019,"GA","ES","ES",3.5,5,4,3.5,4,4,4,5
"N388120413277",2019,"PPE","GA","MCS",3.5,4.5,3.5,4.5,4.5,4,2.5,4.5
"N376120421277",2019,"ECON","PPE","PPE",3.5,4,4,4.5,4,4.5,4,4.25
"N314120408278",2019,"US","ARTS HUM","ANTH",4,4.5,3.5,3,4,4.5,3.5,3.5
"N336120424297",2019,"PS","PS","LS",4.5,4.5,4,5,5,4,4.5,4.5
"N311120413278",2019,"ANTH","LS","ANTH",5,4.5,5.5,5,4.5,4.5,2.5,4.75
"N377120418277",2019,"PPE","GA","ANTH",5,5,4,3.5,4,4.5,3,3.25
"N346120425277",2019,"PSY","ARTS HUM","PSY",4,5,3.5,3.5,3.5,3.5,4,3.75
"N313120410278",2019,"HIST","GA","GA",4.5,4.5,4.5,4.5,4.5,5,4,4
"N348120423277",2019,"PS","MCS","PS",4.5,4.5,4,4,4.5,4.5,4,4
"N360120408277",2019,"ARTS HUM","PPE","ES",4,4.5,4.5,4,4.5,4,3.5,3.75
"N324120408277",2019,"PPE","ECON","ECON",4.5,4.5,4,4.5,5,4.5,5,4.75
"N309120424297",2019,"ANTH",NA,"PHIL",4.5,4,5,4,5,4.5,4.5,4.5
"N387120418276",2019,"LIT","HIST","LIT",4,5,4.5,4,4.5,4,3,3.25
"N306120405278",2019,"HIST","PPE","US",4.5,4.5,3,4.5,4.5,4.5,3.5,3.25
"N390120425296",2019,"ECON","MCS","MCS",4,3.5,3.5,3.5,4.5,3.5,5,3.75
"N302120413278",2019,"PSY",NA,"PSY",4,4,3.5,4,4,5,4,4.25
"N335120401277",2019,"LIT","ANTH","PPE",5,5,4,4.5,4.5,5,4,4.25
"N367120412241",2019,"PSY","ANTH","MCS",5,4.5,5,4.5,4.5,4,4.5,4
"N316120401278",2019,"MCS","ECON","GA",3.5,4,4,3,3.5,3.5,3.5,3
"N304120408297",2019,"PPE","ECON","GA",3.5,5,3,4,4,4,3,3.5
"N318120424297",2019,"GA","PPE","MCS",4.5,5,4,4,4.5,4.5,5,3.75
"N356120424277",2019,"ANTH","GA","ES",4.5,5,4.5,4.5,5.5,4.5,5.5,4.75
"N346120424296",2019,"GA","PPE","GA",4.5,5,4,4,4,4.5,2.5,4.25
"N370120408276",2019,"ANTH","GA","PSY",4,4.5,4,4,4,4,2.5,3.75
"N328115405225",2019,"ECON",NA,"GA",4.5,4.5,4,4.5,5,4,4,4.75
"N315120408277",2019,"HIST",NA,"HIST",4.5,5,3.5,4.5,4.5,4.5,4,3.75
"N383120423296",2019,"MCS","PS","MCS",4,4,3.5,4,4,4,3.5,4.75
"N377120421276",2019,"LIT","PHIL","LIT",4,4.5,3.5,4,4.5,3.5,2.5,4
"N362120421251",2019,"PSY","GA","PPE",3.5,4.5,4.5,4.5,4,4,2,4
"N357120423277",2019,"MCS","ECON","MCS",3,4.5,3.5,3,2.5,4,3,3.75
"N382120425277",2019,"LS","PSY","PS",4,4.5,4,3,3.5,4,3,4.5
"N384120423277",2019,"ECON","PPE","ECON",3.5,4,3.5,3.5,4.5,4,3,3.75
"N384120424258",2019,"PSY",NA,"PPE",4.5,4.5,3.5,5,4,4.5,4,4.5
"N350120408296",2019,"PS","MCS","PS",4.5,4.5,3.5,4,4.5,3.5,4,3.5
"N388117405293",2019,"LS","PSY","PSY",4,4.5,5,4.5,4,4,4.5,5
"N325120405277",2019,"ECON","PPE","PPE",3,4,3.5,4,3.5,4,3,3.5
"N354120402277",2019,"ARTS HUM","ARTS HUM","MCS",4,4.5,4,4.5,4,4.5,3,4
"N366120421296",2019,"ECON",NA,"ECON",3.5,4,4,4,4,4,3,4.25
"N351120405296",2019,"PS","MCS","PS",4,4.5,3.5,3.5,4,4,4,4.25
"N398120413276",2019,"PSY","PPE","PSY",4.5,4.5,4,3.5,4.5,4,4,4
"N375120423277",2019,"ANTH","ARTS HUM","ES",4.5,4.5,4,3.5,5,4.5,4.5,4
"N326120425297",2019,"PSY","ECON","ES",3,4.5,3,2.5,4,3,4,3.25
"N308120402278",2019,"GA","PPE","GA",4.5,5,4.5,4,4,4.5,4,4
"N309120402277",2019,"MCS","PHIL","MCS",3.5,4.5,5,5,4.5,4.5,4.5,5
"N390120401276",2019,"GA","US","ANTH",4,4.5,3.5,4,4,4,3.5,4.25
"N395120418277",2019,"GA","LIT","HIST",5,4.5,4.5,4.5,4,5.5,3.5,4.5
"N393120424276",2019,"MCS","PS","MCS",3,3.5,4,4,4,4.5,4,4.25
"N337120423297",2019,"ECON","GA","MCS",4,4,3.5,4,3.5,4,3,4
"N342120408277",2019,"LS","PSY","LS",4.5,5,4.5,3.5,5,4,5,5
"N320120414277",2019,"PSY","PSY","PSY",4,3.5,4,3,5,4,4,4.75
"N363120425296",2019,"PHIL","PSY","PPE",5,4,3.5,3.5,4,4.5,4.5,3.5
"N366120423277",2019,"LS","ES","ES",4,3.5,4,3,3.5,4,3.5,4
"N393120423277",2019,"LIT","HIST","PSY",5,4.5,4,3.5,5,4,4,4.25
"N390120402277",2019,"ES","US","LS",3.5,3.5,3.5,3,4,4,3.5,3.5
"N330120410297",2019,"HIST","PSY","HIST",5,4,3.5,3,4.5,4,2.5,3.25
"N386120414296",2019,"ECON","PS","MCS",3.5,4.5,4,4.5,4.5,4.5,4.5,4
"N383120424277",2019,"LS",NA,"PSY",3.5,4.5,4,3.5,4,4,3.5,3.75
"N344120401277",2019,"PS","ECON","ECON",4.5,4.5,4,4.5,5,4,4,5
"N383120425276",2019,"LS","PS","MCS",4.5,5,5,5,4.5,5,5,4.5
"N385120423276",2019,"ECON","PPE","MCS",4,4.5,4,5,3.5,4,5,4.5
"N335120425297",2019,"MCS",NA,"MCS",4.5,5,4.5,5,4,4.5,4,4.5
"N373120421213",2019,"PSY","ES","GA",4,4.5,3.5,4,4,4.5,3.5,4.75
"N329120421297",2019,"PSY",NA,"PSY",4,4,4,4.5,5,4.5,2.5,3.75
"N371120401277",2019,"US",NA,"LIT",5,5,3.5,4,4.5,5,3.5,4
"N359120414296",2019,"GA","ECON","US",4,4,3.5,4.5,4,4,4,4
"N355120424296",2019,"US","PPE","US",4.5,4.5,4,4,4.5,4,4.5,4.75
"N338120424277",2019,"ECON","PPE","GA",4.5,4.5,5,4.5,4.5,5,4,4.25
"N389120410296",2019,"LIT",NA,"LIT",5,4.5,4,4,4.5,4.5,3.5,4
"N345120402277",2019,"ANTH","MCS","ECON",3,4.5,3.5,3.5,3,3.5,4,3.25
"N348120421296",2019,"PPE","ECON","ANTH",4,4.5,4.5,5,4,4.5,4,4.5
"N312120412278",2019,"ECON","GA","ECON",4,4,4,3.5,4.5,4.5,4,4.5
"N380120402296",2019,"MCS","MCS","MCS",3,4,3,4.5,4,3.5,2.5,4
"N365120423296",2019,"LIT","PSY","LIT",4.5,5,4,4,3.5,4,3.5,4.25
"N380120401277",2019,"MCS","MCS","PHIL",4.5,5,4.5,5,4.5,5,4.5,5
"N304120410278",2019,"PS","PSY","MCS",4,4.5,4.5,3.5,4.5,5,5,3.5
"N312120413277",2019,"ECON","MCS","MCS",3.5,4,4,4.5,4,4.5,4,3.75
"N354120425296",2019,"ECON","MCS","MCS",3.5,4.5,4,4,4,4,4.5,4.5
"N382120402276",2019,"ES","MCS","MCS",4.5,4.5,3.5,5,4,3.5,4.5,4.75
"N341120410277",2019,"PSY","PHIL","PSY",4,3.5,4,3.5,3.5,3.5,3.5,4
"N386120421258",2019,"HIST","ARTS HUM","PPE",4.5,5,5,4.5,4.5,4,3.5,3.25
"N301120413297",2019,"ES","GA","US",4,4.5,4,3,5,4,4,4.5
"N322120408297",2019,"PSY",NA,"PSY",5,5,5.5,4.5,4,5,2.5,5
"N311120412297",2019,"PS","PS","ECON",4,4.5,5,4,4.5,4.5,4.5,4.75
"N371120405276",2019,"US","ECON","US",4,4,3.5,3,4,3,3.5,2.5
"N396120413296",2019,"PPE","ARTS HUM","PHIL",4.5,4,4.5,4,4,4,4,4.25
"N340120412277",2019,"ES","US","ES",4.5,4.5,4,3.5,4.5,4,5,4.5
"N337120425277",2019,"PPE","GA","PPE",4.5,5,4.5,4,4,5,4,4.25
"N325120402297",2019,"US","ARTS HUM","ARTS HUM",3.5,4,4,4,4,4,3.5,3.5
"N379120414276",2019,"GA","PPE","GA",3.5,4.5,3.5,3.5,4.5,3.5,2.5,4.25
"N376120423276",2019,"ARTS HUM","LIT","ES",4.5,5,4,4.5,4.5,5,3.5,4
"N399120408296",2019,"ES","GA","ES",4.5,4.5,3.5,4,4.5,5,4,4
"N355120425277",2019,"ECON",NA,"ECON",4,5,4,4,4.5,4,4,4.75
"N330120413277",2019,"ARTS HUM","ECON","ARTS HUM",4,4.5,3,3.5,3,4,4,3.75
"N310119412209",2018,"GA","HIST","GA",4,4.5,3,4,3,4,3,4.25
"N325119412212",2018,"LIT","ANTH","LIT",5,4.5,5,4,4.5,4.5,4.5,4.25
"N370119402208",2018,"MCS","PS","MCS",3.5,4,3.5,5,4,3.5,4,4.25
"N366119418208",2018,"LS","LS","PPE",4.5,4.5,3.5,4,3,4,4,4.25
"N357119414209",2018,"PHIL","ARTS HUM","PHIL",4.5,4.5,4,5,3.5,5,3,4.25
"N389119410207",2018,"ECON","LIT","US",3.5,4,4,4.5,3,4,3.5,4
"N362119424209",2018,"ARTS HUM","PSY","ARTS HUM",4.5,5,4.5,4.5,4,4,4,4.25
"N389119408208",2018,"PPE",NA,"PPE",4.5,4.5,5,4,4,5,4,4.25
"N381119425207",2018,"PSY","ECON","PSY",3,4,3,4,3.5,4,4,3.5
"N330119408209",2018,"GA","PPE","GA",4,5,4.5,4.5,3.5,4.5,3.5,4.25
"N373119423208",2018,"ECON","GA","ECON",3,4,4,5,3.5,4,4.5,4.75
"N393119421207",2018,"PSY","PHIL","PSY",3.5,3.5,4,3.5,4.5,3.5,4,4
"N346119423208",2018,"LS","ES","LS",4.5,4.5,4.5,4,4,4,2,4.75
"N372119425207",2018,"PPE","MCS","ECON",4,5,3,5,2,4,2.5,3.25
"N371119425208",2018,"ECON","PPE","PPE",4,4,2.5,4,3,4,2,4.5
"N346119421209",2018,"ARTS HUM","LIT","GA",5,4,4.5,3.5,3,3.5,2.5,3.75
"N338119418209",2018,"GA","ES","ES",4,4,4,3.5,3,3.5,3,4
"N379119412216",2018,"LIT","ARTS HUM","LIT",4,4,3,4,4,4,2,3.75
"N301119412209",2018,"ECON","LS","ECON",4.5,4.5,3.5,3.5,4,4,4,4
"N327119408212",2018,"ARTS HUM","ECON","GA",3,3,3,3,3.5,3.5,3,3.75
"N340119405209",2018,"ECON",NA,"MCS",4,3.5,4.5,5,3.5,4,3.5,3.75
"N320119410209",2018,"GA","PPE","GA",4,4.5,3.5,3.5,4.5,4,2.5,3.75
"N334119412212",2018,"MCS","PSY","MCS",4,4,4.5,4.5,4.5,3,5.5,4.5
"N355119423208",2018,"PPE","ECON","GA",5,4,3.5,3,4,3.5,4,3.75
"N356119421208",2018,"PPE","GA","ES",4,4.5,3.5,4,3,4.5,4,4.25
"N314119402219",2018,"PSY","ARTS HUM","LS",3,4.5,3,4.5,3.5,4.5,3.5,4.5
"N332119405208",2018,"PPE","GA","GA",4,4.5,4.5,4,3.5,4.5,3.5,3.75
"N323119414212",2018,"PPE","LIT","PPE",5,4,2,4,5,4,3.5,4.25
"N380119425208",2018,"ECON","PPE","MCS",5,5,5,4.5,4,5,5,4.75
"N384119418208",2018,"LIT","PPE","PPE",5,4,3.5,4,4,4.5,3.5,3.75
"N391119423208",2018,"LIT","ARTS HUM","HIST",5,5,3.5,3,4,5,3.5,4
"N304119405209",2018,"PPE","ARTS HUM","PPE",3.5,4,3.5,4,4,4.5,2.5,4
"N316119425209",2018,"ANTH","ARTS HUM","US",4.5,4,3,4,3.5,4,3.5,4.25
"N320119423212",2018,"ARTS HUM",NA,"ARTS HUM",5,4,4,3.5,4,4,2,3.75
"N385119418207",2018,"PSY","PPE","PSY",3,4,3,4,3.5,4,2,3.25
"N324119413212",2018,"PPE","GA","PPE",4,4,4,4.5,4,5,3.5,4
"N380119424209",2018,"ECON","PPE","ECON",3.5,3.5,3.5,4,4.5,4,4.5,4.75
"N326119410212",2018,"ARTS HUM","ECON","ECON",4.5,4,4.5,4,3.5,4,4,4.25
"N352119402208",2018,"ECON","ARTS HUM","ECON",5,4.5,5,5,5,5,5,4.75
"N380119402207",2018,"ANTH","LIT","HIST",4,4,3.5,4,3,3,2.5,4
"N314119401209",2018,"PSY","ES","ES",3.5,4,3,4,2.5,3.5,3.5,4.25
"N377119414207",2018,"GA","LS","PPE",3.5,3,4.5,2.5,3,4,4.5,4
"N366119414209",2018,"LIT","ARTS HUM","US",4.5,2.5,4,5,4,4.5,3.5,4.5
"N398119410207",2018,"PPE",NA,"PPE",4,4.5,5.5,5,5,4,5,4.5
"N321118418223",2018,"PHIL",NA,"PSY",4,3.5,3.5,3.5,3.5,4,4.5,4.5
"N329119401212",2018,"ES","ECON","ES",4.5,4.5,5,4.5,4.5,5,5,4.75
"N377119414216",2018,"LIT","LS","LIT",4,4.5,3.5,4,3,4,2.5,4.5
"N311119410209",2018,"PPE","GA","PPE",4.5,4,4.5,4.5,3.5,4,4,3.75
"N349119413209",2018,"PPE","GA","PPE",4.5,5,3.5,4,3,5,4,3.75
"N300119413209",2018,"ECON","PPE","ECON",3.5,3.5,2.5,3.5,3,3.5,4,3.5
"N337119423208",2018,"PHIL","GA","PPE",5,5,4.5,5,4,4.5,4,4.5
"N347119418209",2018,"US","HIST","ECON",4,4.5,4,3,3.5,4,4,4.5
"N302119412208",2018,"LS","HIST","US",3.5,4,3,4,4.5,5,4,4.5
"N348119418208",2018,"ECON","GA","US",4.5,4.5,3,3.5,4,3.5,3,4
"N378119410209",2018,"LS","LIT","ANTH",4.5,4,4.5,3.5,3,3.5,2.5,4.25
"N395119414207",2018,"ARTS HUM","LS","PPE",3,3,3.5,3,3.5,4.5,2,4
"N397119410208",2018,"LIT","ARTS HUM","LIT",5,5,4,5,4,4,4,4.25
"N387119413207",2018,"ARTS HUM","LIT","ARTS HUM",4,4.5,3,4,3.5,3,2,3.25
"N316116421296",2018,"PPE",NA,"PPE",4.5,4,2.5,3.5,3.5,4,2.5,3.5
"N316119424219",2018,"ARTS HUM",NA,"PSY",4.5,4.5,3.5,4,4.5,3.5,2.5,3.75
"N384119414209",2018,"HIST","GA","GA",3.5,4.5,5,5,4.5,4.5,4.5,4.5
"N334119402208",2018,"GA","PPE","GA",4,4,4,3,3,3.5,3.5,4.25
"N396119413207",2018,"PS","ARTS HUM","PS",5,4.5,4.5,4.5,3.5,4.5,5,5
"N318119424208",2018,"PPE","HIST","PPE",3.5,4,3.5,4,4,4,3.5,4.25
"N316119402208",2018,"LS","PS","GA",4.5,4.5,4,4,3.5,4,4,4.25
"N368119412209",2018,"LS",NA,"LS",4,4,4.5,4,3.5,4,4,4
"N320119425201",2018,"PPE","PSY","PPE",4,4.5,4,4.5,4.5,5,2,4.75
"N324119402209",2018,"HIST","GA","HIST",3.5,4.5,4,3.5,4,4,2.5,3.5
"N330116410247",2018,"PS","PS","PS",4.5,5,4.5,4.5,4.5,4,5,4.75
"N302119410209",2018,"MCS","ECON","PSY",3.5,4,3,3,3.5,3,3.5,3.25
"N324119401208",2018,"PSY","MCS","PSY",4.5,4.5,4,3.5,4,4,5,4.25
"N360116405246",2018,"ES","ANTH","ES",4,4,4,5,4,4.5,5,4.75
"N331119418212",2018,"PSY","PPE","PSY",3.5,4,4.5,4.5,3,3.5,4.5,4.25
"N392119423207",2018,"US","PSY","US",3.5,4,4.5,3.5,3.5,3.5,4,4
"N359117405268",2018,"ARTS HUM","US","ARTS HUM",3,4.5,3.5,3.5,3,3.5,4,4.25
"N305119401209",2018,"ANTH","ES","ES",4,4.5,4.5,4,3.5,4,4,4
"N317119424209",2018,"HIST","LIT","HIST",4,4.5,4.5,4.5,4,4,3.5,4.25
"N335119425208",2018,"ARTS HUM","PPE","GA",3.5,3.5,3,3.5,3.5,4.5,2.5,3.5
"N367119414208",2018,"US","ECON","ECON",4.5,3,3,4,5,3.5,4.5,4.5
"N375119414209",2018,"ES","LS","ES",4.5,5,5,5,5,5,5,5.25
"N359119412209",2018,"PPE","PPE","MCS",4.5,4,4,4,3,4,2.5,3.75
"N319119421209",2018,"GA","PPE","ANTH",4.5,5,4.5,4.5,4.5,4.5,4.5,5
"N398119408208",2018,"MCS","MCS","MCS",4,3.5,3.5,3,2.5,4,4,3.75
"N368119413208",2018,"PPE","GA","HIST",5,5,3.5,5,4,4.5,3,4.5
"N378119413207",2018,"PPE","ECON","PPE",3.5,4,3.5,4,4,3.5,3,4.5
"N344119425208",2018,"MCS","MCS","MCS",4,2.5,4.5,3,3.5,2.5,3.5,3.25
"N354119424208",2018,"LS","PSY","PSY",4,4.5,3.5,3.5,4.5,3.5,4,4
"N392119421208",2018,"ECON","LS","ES",5,4.5,4.5,4.5,4.5,4,4,4.75
"N319119405212",2018,"ES","PPE","ES",4.5,4.5,3.5,3.5,3.5,4,4.5,4.25
"N309119424208",2018,"PPE","GA","ECON",4.5,4,3.5,3.5,4,3.5,4,4.75
"N363119423209",2018,"ECON","PPE","ECON",4,5,4,4.5,4.5,4,4.5,5
"N376119418207",2018,"PS",NA,"MCS",4.5,4.5,4,4.5,4.5,4.5,4,4.25
"N386119413208",2018,"MCS","MCS","MCS",4.5,3.5,4,3.5,2.5,4.5,4,4
"N351119402209",2018,"PSY","MCS","PSY",4.5,5,4.5,4.5,4.5,4,5,5
"N329119421208",2018,"PSY","GA","PSY",4,4,4,4,3.5,4,4,4
"N321119408209",2018,"ES","ECON","ECON",4.5,3,3.5,3.5,4,4,4,3.75
"N327119424208",2018,"US","PPE","ECON",4,4.5,3.5,4.5,4,3.5,3.5,4.5
"N374119423207",2018,"PPE","PSY","US",4,4,4,4,3,3.5,3,3.5
"N369119410209",2018,"ARTS HUM","PPE","US",5,4,4.5,5,4.5,4,5,4.75
"N309119423209",2018,"ANTH","ARTS HUM","ANTH",4.5,4.5,3.5,3.5,5,4,3,4.25
"N326119424209",2018,"PHIL","PSY","MCS",4,4,4.5,4.5,3,4,4.5,4.5
"N307119402208",2018,"US","ES","ES",3.5,4,4.5,4.5,3.5,4,4,4.25
"N314119405208",2018,"MCS","PHIL","GA",4.5,4,5,4,4,4,4.5,4.75
"N334119425209",2018,"GA","PPE","PPE",3.5,4,3.5,3.5,4,4,3,4
"N332119414212",2018,"PPE","ARTS HUM","US",4,4.5,4,3.5,4,4,4,4
"N333119413212",2018,"PPE",NA,"MCS",4,4.5,4.5,3.5,4,5,4.5,4.75
"N317119423219",2018,"LS","ARTS HUM","LS",4,3.5,4,4,3.5,4,4,4.5
"N358119414208",2018,"LIT","LIT","LIT",3.5,3,3.5,3.5,2.5,4,2,4.25
"N356119418209",2018,"MCS","PS","PS",3,3.5,2.5,3,3,3,2,4
"N384119421207",2018,"ARTS HUM","LIT","LIT",4,4,3,3.5,3,4,3.5,4.25
"N345119423209",2018,"PS",NA,"PS",4,4,3.5,3,3,4,2.5,3.75
"N332119401209",2018,"PHIL","LIT","PHIL",4,4.5,4.5,4,4.5,4,3,3.75
"N313119408208",2018,"ECON",NA,"PPE",3.5,4,3.5,3.5,3.5,4,3.5,3.5
"N362119425208",2018,"PPE","ECON","ECON",3.5,4,4,4.5,3.5,4,4,4.25
"N303119410208",2018,"MCS","LS","MCS",4.5,4,3,3.5,3,4,2.5,4
"N391119424207",2018,"PHIL","ARTS HUM","MCS",3.5,4,3.5,5,4,4,4,4.25
"N382119424207",2018,"PPE","GA","ECON",3.5,4.5,3,3.5,3.5,4,3,4
"N312119410208",2018,"LS","GA","LS",4,4.5,4,4,4,4,4,4
"N313119405209",2018,"PSY","PHIL","PSY",4.5,4,3.5,3.5,3.5,4,4,4.5
"N312119408209",2018,"ES","PPE","GA",3,3.5,4,4,4,4,3.5,3.75
"N339119414209",2018,"PPE","US","PPE",3.5,4.5,3,3.5,2,3.5,3.5,3.5
"N386119414207",2018,"MCS","LS","MCS",4.5,5,4.5,3.5,3,4,4.5,4.75
"N339119418208",2018,"ARTS HUM",NA,"ARTS HUM",4,4.5,3,3.5,3.5,3,2,3.5
"N342119401208",2018,"MCS","ECON","MCS",4,4,4.5,4,4,5,5,4.75
"N354119423209",2018,"GA","PPE","US",5,4.5,5,4,4.5,3,4.5,4.25
"N301119413208",2018,"PS","ES","ES",3.5,4,3.5,2.5,2,3.5,2.5,4
"N328119421209",2018,"LIT","ANTH","LIT",4.5,4.5,4.5,4.5,4,4,3.5,4.25
"N322119408208",2018,"HIST","PPE","GA",4,4,3.5,4,3.5,3.5,4,4.25
"N383119423207",2018,"ANTH","GA","US",3.5,4,3,4,4,4.5,4,4
"N330119421212",2018,"ARTS HUM","PSY","LIT",5,5,4,5,4.5,4.5,4,4.5
"N303119408209",2018,"ANTH","US","GA",3,4,3.5,3.5,3.5,3.5,2.5,3.75
"N315119401208",2018,"LIT","PPE","LIT",4.5,5,4,3,4,5,3.5,4
"N331119405209",2018,"GA","PPE","PPE",4,3,3,3,3,3.5,3,4
"N361119425209",2018,"ECON","PPE","PPE",4.5,3.5,4,3,3.5,3.5,4,3.75
"N305119405208",2018,"PSY","ARTS HUM","PSY",3.5,4,5,3.5,3.5,4,4,3.25
"N394119418207",2018,"LIT","PSY","LIT",4.5,3.5,4,4.5,3.5,4,3.5,4
"N380119402216",2018,"PPE","ARTS HUM","GA",2.5,3,2.5,3,2,3.5,2,3.25
"N335119424209",2018,"ES","ECON","ES",4,3.5,4.5,4,3.5,3.5,4,4.25
"N317119425208",2018,"ANTH","ANTH","PPE",4,4.5,3.5,4.5,4.5,5,4,4.5
"N318119423209",2018,"ANTH","PPE","US",4.5,4.5,4.5,3.5,4,4,4,3.75
"N331119408208",2018,"PPE","GA","GA",3.5,4.5,3.5,3.5,3.5,4,3,3.5
"N324119425219",2018,"PPE","ECON","ECON",3.5,4,4.5,4.5,3.5,4,4,4.75
"N306119401208",2018,"PSY","US","ES",4.5,4,5,3.5,4,4,2.5,4.75
"N315119402209",2018,"PPE","LIT","ES",5,4.5,4,4.5,4.5,4,4,4.75
"N325119424219",2018,"GA","PSY","PPE",4,4,3,3.5,4,5,3.5,3.75
"N364119421209",2018,"PPE","GA","PPE",3.5,4,3,4,3.5,4,4,4.25
"N300119424222",2018,"PPE","GA","PPE",4,4,4,4,3,4,3,4
"N376119414208",2018,"GA","ANTH","LIT",4,5,3.5,3.5,3,3,3.5,3.75
"N321119421212",2018,"US","ARTS HUM","US",4.5,4,4,4.5,4.5,4.5,4,5
"N377119412209",2018,"HIST","MCS","LS",4.5,4.5,4.5,4,3.5,4.5,4.5,4.75
"N388119410208",2018,"ECON","PPE","ECON",4.5,5,5,5,4.5,5,5.5,5
"N359119413208",2018,"LS","ARTS HUM","LS",4,3.5,3.5,4,3,4,4,4.25
"N363119424208",2018,"LIT","ANTH","LIT",4.5,4,3.5,4,3.5,3.5,3,4
"N394119414208",2018,"PPE","ECON","ECON",4.5,4,4,4.5,3.5,4,3,4
"N365119418209",2018,"ARTS HUM","US","US",4.5,4.5,4.5,4.5,4,4.5,4,3.75
"N337119421209",2018,"LS",NA,"LS",4,4,4,4,4,4.5,4,4.25
"N308119424209",2018,"PSY","ECON","ES",3.5,4,4.5,3.5,3.5,4,3.5,3.75
"N395117414218",2018,"PSY","HIST","HIST",4.5,4.5,5,4.5,4.5,4.5,4,4.5
"N374119418209",2018,"ANTH","ARTS HUM","ANTH",5,5,4.5,4,4.5,5,5,4.5
"N318119421219",2018,"GA","PPE","PPE",3,4,2.5,4,4.5,4,3.5,4.25
"N372119423209",2018,"ANTH","HIST","LIT",5,4,4,4,4.5,4.5,3.5,4.25
"N333119401208",2018,"PSY",NA,"PHIL",4,4.5,4,3,4,3.5,2,4.25
"N329119418209",2018,"PSY","LIT","PSY",4,4.5,4.5,3,4.5,4,3.5,3.75
"N328119405212",2018,"PPE","GA","ANTH",3.5,4,4,4.5,3.5,4,2.5,3.5
"N314113414263",2018,"ANTH","GA","ES",4,3,3,3.5,4.5,4.5,3.5,3.75
"N341119405208",2018,"GA","PPE","PPE",5,5,4,4,5,4.5,4,4.75
"N320119408219",2018,"LIT","LIT","LIT",5,4,4,4,4.5,4.5,4,4.5
"N353119425208",2018,"US","ANTH","PSY",4.5,4,3.5,4.5,4,5,4.5,5
"N322119405209",2018,"ECON","PPE","ANTH",5,5,4.5,4.5,4,5,5,4.5
"N375119421207",2018,"ECON","ANTH","MCS",3.5,3.5,4,4,4,4.5,4.5,3.75
"N353119424209",2018,"MCS","PPE","LIT",5,5,4.5,3.5,4,4,2.5,3.25
"N311119412208",2018,"PPE","GA","PPE",4.5,4.5,3.5,5,4.5,5,5.5,5.5
"N382119423208",2018,"LIT","PSY","LIT",4,4.5,3,4.5,4,5,4,4.75
"N382119421209",2018,"PPE","GA","GA",3.5,4.5,3.5,3.5,4,3.5,3.5,3.75
"N330119410208",2018,"PPE","PS","US",4.5,4,3.5,4,3.5,4.5,4.5,4.25
"N300118421234",2018,"US","ECON","ECON",4.5,4,4.5,4.5,4,4,4,4.5
"N397119412207",2018,"LS","PS","MCS",3.5,4.5,3.5,3.5,2.5,4,4,4.25
"N347119421208",2018,"ECON","ARTS HUM","LIT",5,5,4.5,4.5,4,5,4.5,5
"N360119401208",2018,"LS","MCS","ECON",4.5,4,5,4,4,4,4,4.75
"N345119424208",2018,"PPE","GA","ECON",4.5,4.5,4,4.5,4,3.5,3.5,4.5
"N308119425208",2018,"PPE","GA","PPE",3,3,2,3,2,2.5,2,3.5
"N361119402208",2018,"HIST","PPE","PPE",3.5,4.5,3.5,4,3.5,4,4,4.25
"N351119401208",2018,"PPE","ECON","ES",4,3.5,3.5,3,3.5,4.5,4,3.75
"N371119424209",2018,"PSY","ARTS HUM","ARTS HUM",4.5,5,5,4.5,4,4,3.5,4
"N336119423209",2018,"PSY","ECON","PPE",4,4.5,4.5,4.5,4,4.5,3.5,4.5
"N328119423208",2018,"ES","ARTS HUM","LIT",4,4.5,4,5,3,3.5,3,4
"N364119423208",2018,"ARTS HUM","PPE","MCS",4.5,3.5,3.5,3.5,2,3,3,4
"N383119421208",2018,"GA","ARTS HUM","GA",4.5,4,4.5,4.5,4.5,4.5,2.5,3.5
"N365119421208",2018,"ES","LS","ES",5,4.5,2,3.5,3.5,4,4.5,4.75
"N336119424208",2018,"PPE","ANTH","PPE",4.5,4,4,4.5,4,4.5,4.5,4.75
"N388119412207",2018,"ANTH","PSY","ANTH",5,4,4,4.5,4.5,4.5,2.5,4.25
"N340119408208",2018,"PPE","GA","ES",4,5,4,4.5,3.5,3.5,3.5,3.75
"N349119414208",2018,"PS","MCS","PS",3,4,4,3,3,4,4,3.75
"N343119402208",2018,"PPE","GA","GA",5,4.5,4,4.5,3.5,5,4,4.5
"N321119410208",2018,"MCS","PS","MCS",4,4,3.5,4.5,3,4,3.5,4.5
"N310119413208",2018,"ES","GA","ES",3.5,4,3.5,3,4,4.5,4,4
"N300119414208",2018,"ANTH","LS","HIST",5,4,5,5,3.5,4.5,4.5,4.5
"N326119425208",2018,"ECON","LS","MCS",4.5,3.5,4,4,4,3,2,4.25
"N343119425209",2018,"PSY","LS","PSY",3.5,4,4.5,4,3,3,2.5,4
"N325119402208",2018,"PPE","LIT","PSY",3.5,5,4,4,3,4,3.5,4.5
"N399119405208",2018,"MCS",NA,"ECON",4,3.5,3.5,4,4,4.5,4,4.25
"N372119424208",2018,"ECON","MCS","ECON",3.5,4,2.5,3,4,5,3.5,3.5
"N342119402209",2018,"GA","HIST","PPE",2.5,4,3.5,3.5,2.5,3.5,2,3.75
"N379119410208",2018,"MCS","MCS","MCS",4.5,5,5,4.5,4.5,4,5,4.5
"N373119421209",2018,"MCS","ECON","MCS",4.5,3.5,4.5,4,4.5,4,4.5,4.75
"N352119425209",2018,"LS","ARTS HUM","HIST",5,5,4,4.5,4.5,4.5,5,4.75
"N369119412208",2018,"ES","PPE","MCS",3.5,3.5,5,3.5,4,3.5,4.5,4.75
